"","Freq","gender","rank","broken"
"1",14,"male","I","yes"
"2",102,"male","I","no"
"3",39,"male","II","yes"
"4",151,"male","II","no"
"5",42,"male","III","yes"
"6",292,"male","III","no"
"7",79,"male","IV","yes"
"8",293,"male","IV","no"
"9",66,"male","V","yes"
"10",261,"male","V","no"
"11",12,"female","I","yes"
"12",25,"female","I","no"
"13",23,"female","II","yes"
"14",79,"female","II","no"
"15",37,"female","III","yes"
"16",151,"female","III","no"
"17",102,"female","IV","yes"
"18",557,"female","IV","no"
"19",58,"female","V","yes"
"20",321,"female","V","no"
