"","MBSA2","MBSA7","MBSA8","MBSA9"
"1","StronglyAgree","Agree","Disagree","Disagree"
"2","Agree","StronglyAgree","StronglyDisagree","StronglyAgree"
"3","Agree","Disagree","Disagree","Agree"
"4","StronglyAgree","Agree","StronglyDisagree","StronglyAgree"
"5","Agree","StronglyDisagree","Agree","Disagree"
"6","Agree","Disagree","Agree","Agree"
"7","Disagree","StronglyDisagree","Disagree","Agree"
"8","Agree","StronglyDisagree","Disagree","Disagree"
"10","Disagree","Agree","StronglyDisagree","StronglyAgree"
"11","Agree","Agree","Agree","StronglyAgree"
"12","Agree","Agree","Agree","Agree"
"13","StronglyAgree","Agree","StronglyAgree","StronglyAgree"
"14","Agree","Agree","Disagree","StronglyAgree"
"15","Disagree","Agree","StronglyDisagree","Agree"
"16","Agree","Agree","Disagree","Agree"
"17","Agree","Agree","Disagree","StronglyAgree"
"18","Agree","Agree","Agree","Agree"
"19","Agree","Agree","Agree","StronglyAgree"
"21","Agree","Agree","Disagree","StronglyAgree"
"22","StronglyAgree","StronglyDisagree","StronglyDisagree","Agree"
"23","Disagree","StronglyAgree","StronglyDisagree","StronglyAgree"
"24","Disagree","StronglyAgree","Disagree","StronglyAgree"
"25","Agree","Disagree","Agree","Disagree"
"26","Disagree","Agree","Disagree","Agree"
"27","Agree","StronglyDisagree","Disagree","Disagree"
"28","Agree","Disagree","Disagree","Agree"
"29","Agree","Disagree","Agree","Agree"
"30","Agree","Agree","Disagree","StronglyAgree"
"31","StronglyAgree","Disagree","Disagree","Agree"
"33","Agree","StronglyAgree","StronglyDisagree","StronglyAgree"
"34","Agree","Disagree","StronglyDisagree","Disagree"
"35","StronglyAgree","Agree","Agree","Agree"
"37","StronglyAgree","Disagree","Agree","Agree"
"38","Disagree","Agree","Disagree","Agree"
"40","Disagree","Agree","Agree","Agree"
"41","Agree","Agree","Disagree","Agree"
"43","Disagree","Agree","Agree","StronglyAgree"
"46","Disagree","Agree","Disagree","Agree"
"47","Agree","StronglyAgree","StronglyAgree","Agree"
"48","Agree","Disagree","Agree","Agree"
"49","Agree","StronglyAgree","StronglyDisagree","StronglyAgree"
"50","Agree","Agree","StronglyDisagree","Agree"
"51","Agree","StronglyDisagree","Agree","StronglyDisagree"
"52","StronglyDisagree","Agree","Agree","StronglyAgree"
"53","Agree","Agree","Agree","StronglyAgree"
"54","StronglyAgree","Disagree","Disagree","Disagree"
"55","Disagree","Agree","Agree","StronglyAgree"
"57","Disagree","Agree","Agree","StronglyAgree"
"58","Agree","Agree","StronglyDisagree","StronglyAgree"
"59","Agree","Agree","Agree","Agree"
"60","Agree","StronglyAgree","Agree","StronglyAgree"
"61","Agree","StronglyAgree","Disagree","Agree"
"62","StronglyAgree","StronglyDisagree","StronglyAgree","Agree"
"64","Agree","Disagree","StronglyDisagree","Disagree"
"65","Agree","Agree","Disagree","Agree"
"66","Disagree","StronglyAgree","Agree","StronglyAgree"
"67","StronglyDisagree","StronglyAgree","Disagree","StronglyAgree"
"68","Disagree","Agree","Agree","Agree"
"69","Disagree","StronglyAgree","StronglyDisagree","StronglyAgree"
"71","StronglyAgree","Agree","Agree","Disagree"
"72","Agree","Agree","Disagree","Agree"
"73","Disagree","StronglyAgree","Disagree","StronglyAgree"
"74","Agree","Agree","Disagree","Agree"
"75","StronglyDisagree","StronglyDisagree","StronglyDisagree","StronglyDisagree"
"76","Agree","Disagree","Disagree","Disagree"
"77","Disagree","Agree","Disagree","Agree"
"78","Agree","Disagree","Agree","Agree"
"79","Agree","StronglyAgree","StronglyDisagree","StronglyAgree"
"80","StronglyAgree","StronglyDisagree","Agree","StronglyDisagree"
"81","Disagree","Agree","StronglyAgree","StronglyAgree"
"82","Agree","Disagree","StronglyDisagree","Agree"
"83","Agree","Agree","Disagree","Agree"
"84","Agree","Agree","Disagree","Agree"
"85","Agree","Disagree","Disagree","Disagree"
"86","Agree","Disagree","Agree","Disagree"
"87","Agree","StronglyDisagree","Agree","Disagree"
"88","Agree","StronglyAgree","StronglyDisagree","Agree"
"89","Disagree","Agree","Disagree","StronglyAgree"
"90","Disagree","Agree","StronglyDisagree","Agree"
"91","Agree","Agree","Disagree","Agree"
"92","Agree","Agree","Agree","Agree"
"95","Agree","Agree","Disagree","Agree"
"96","Agree","StronglyAgree","StronglyDisagree","StronglyAgree"
"97","Agree","Agree","Disagree","StronglyAgree"
"98","Agree","Disagree","Agree","Agree"
"99","Agree","StronglyAgree","StronglyDisagree","StronglyAgree"
"102","Disagree","StronglyAgree","Agree","StronglyAgree"
"103","Disagree","Agree","StronglyDisagree","StronglyAgree"
"105","StronglyDisagree","Agree","Disagree","Disagree"
"106","Disagree","StronglyAgree","StronglyDisagree","Agree"
"107","Agree","Disagree","Disagree","Agree"
"108","Agree","Disagree","Agree","Disagree"
"109","Disagree","Agree","Disagree","Agree"
"111","Disagree","Agree","Disagree","StronglyAgree"
"112","StronglyDisagree","StronglyDisagree","Agree","Agree"
"113","Disagree","Disagree","Agree","Agree"
"117","Agree","Agree","Agree","Agree"
"119","Disagree","Agree","Disagree","Agree"
"121","Agree","StronglyAgree","Agree","Agree"
"122","StronglyDisagree","StronglyAgree","StronglyDisagree","StronglyAgree"
"123","StronglyAgree","Disagree","StronglyAgree","StronglyDisagree"
"124","Agree","Agree","StronglyDisagree","StronglyAgree"
"125","StronglyAgree","Disagree","Disagree","Agree"
"127","StronglyDisagree","StronglyDisagree","Agree","StronglyAgree"
"129","Agree","StronglyAgree","StronglyDisagree","StronglyAgree"
"130","Agree","Agree","Agree","Agree"
"131","Agree","Disagree","Agree","Agree"
"132","StronglyDisagree","Disagree","Disagree","StronglyDisagree"
"133","Agree","StronglyAgree","Agree","Agree"
"134","Agree","StronglyAgree","Agree","StronglyAgree"
"135","Disagree","Agree","Disagree","StronglyAgree"
"136","Agree","Agree","Disagree","StronglyAgree"
"137","StronglyAgree","Disagree","Agree","StronglyAgree"
"138","Agree","Disagree","Disagree","Agree"
"140","Agree","Disagree","Disagree","StronglyAgree"
"141","Agree","StronglyDisagree","StronglyAgree","StronglyAgree"
"142","Agree","StronglyDisagree","Agree","Disagree"
"143","StronglyAgree","Agree","StronglyAgree","StronglyAgree"
"144","Agree","Disagree","Disagree","Agree"
"145","StronglyAgree","StronglyDisagree","Disagree","Disagree"
"146","Agree","StronglyAgree","StronglyDisagree","StronglyAgree"
"147","Agree","StronglyDisagree","Disagree","Agree"
"148","Agree","Disagree","Disagree","Disagree"
"149","Disagree","StronglyAgree","StronglyDisagree","StronglyAgree"
"150","Agree","Agree","StronglyDisagree","Agree"
"151","Agree","Disagree","Agree","Agree"
"152","Disagree","Agree","Agree","Agree"
"154","Agree","Disagree","Agree","Agree"
"155","StronglyAgree","Disagree","StronglyDisagree","StronglyDisagree"
"156","Agree","StronglyDisagree","Disagree","Agree"
"157","Agree","Agree","Agree","Agree"
"158","Agree","Disagree","Agree","Disagree"
"159","Agree","Agree","Agree","Disagree"
"160","Disagree","StronglyAgree","Agree","StronglyAgree"
"161","Agree","Agree","Disagree","Agree"
"162","Agree","Agree","Disagree","StronglyAgree"
"163","Agree","Disagree","Agree","Agree"
"164","Agree","Disagree","Agree","Agree"
"166","Agree","Agree","Agree","Agree"
"167","StronglyAgree","StronglyDisagree","StronglyAgree","Disagree"
"168","StronglyAgree","Disagree","Disagree","Disagree"
"169","Agree","StronglyAgree","Disagree","Agree"
"170","Agree","Agree","Agree","Agree"
"171","StronglyDisagree","Disagree","Disagree","StronglyAgree"
"173","Agree","Disagree","Agree","Agree"
"175","Disagree","Disagree","Disagree","Agree"
"177","StronglyAgree","StronglyAgree","StronglyDisagree","StronglyAgree"
"178","Disagree","Agree","Disagree","Disagree"
"181","StronglyAgree","StronglyAgree","Agree","Disagree"
"182","Disagree","StronglyDisagree","StronglyDisagree","StronglyAgree"
"183","Agree","Agree","StronglyDisagree","StronglyAgree"
"184","Agree","Agree","Disagree","Agree"
"185","Agree","Agree","Agree","Agree"
"186","Agree","Disagree","Agree","Disagree"
"187","Agree","Disagree","Agree","Disagree"
"188","Agree","Agree","Disagree","Agree"
"189","Agree","Agree","Agree","Agree"
"191","Agree","StronglyAgree","Agree","StronglyAgree"
"192","StronglyDisagree","StronglyAgree","StronglyDisagree","StronglyAgree"
"193","Agree","Agree","StronglyDisagree","Disagree"
"195","Agree","Agree","Disagree","Agree"
"196","StronglyAgree","Disagree","Disagree","StronglyAgree"
"197","Agree","StronglyAgree","StronglyDisagree","StronglyAgree"
"200","Disagree","StronglyAgree","StronglyDisagree","StronglyAgree"
"201","Agree","Disagree","Agree","Agree"
"202","StronglyAgree","Agree","StronglyDisagree","StronglyAgree"
"203","Agree","StronglyDisagree","StronglyAgree","Disagree"
"204","StronglyAgree","StronglyAgree","StronglyAgree","StronglyAgree"
"205","StronglyAgree","StronglyAgree","StronglyDisagree","StronglyAgree"
"206","Disagree","Agree","Disagree","StronglyAgree"
"207","Agree","Disagree","StronglyDisagree","Disagree"
"208","Agree","Disagree","Agree","StronglyAgree"
"209","Agree","Agree","Agree","Agree"
"210","StronglyDisagree","Disagree","Agree","Agree"
"213","Agree","StronglyAgree","StronglyAgree","StronglyAgree"
"214","Agree","Agree","Disagree","Agree"
"215","Agree","Disagree","Agree","Agree"
"216","Agree","StronglyAgree","StronglyDisagree","StronglyAgree"
"217","StronglyAgree","Disagree","Agree","Agree"
"218","Agree","Disagree","Agree","Agree"
"219","StronglyAgree","StronglyAgree","Disagree","StronglyAgree"
"221","Agree","StronglyAgree","Disagree","Agree"
"222","Agree","Disagree","StronglyAgree","Agree"
"223","Agree","Disagree","Agree","Disagree"
"224","Agree","Agree","StronglyAgree","Agree"
"225","StronglyAgree","StronglyDisagree","StronglyAgree","Agree"
"226","StronglyDisagree","Disagree","StronglyAgree","Disagree"
"227","StronglyAgree","Disagree","StronglyAgree","StronglyAgree"
"228","Disagree","Agree","StronglyDisagree","Agree"
"230","Disagree","Agree","Agree","Agree"
"232","Agree","Disagree","Agree","Agree"
"233","Agree","Disagree","StronglyAgree","Disagree"
"234","Agree","Agree","Agree","Agree"
"235","Disagree","Disagree","Disagree","Disagree"
"236","StronglyAgree","Agree","StronglyDisagree","StronglyAgree"
"238","StronglyAgree","Agree","StronglyDisagree","Agree"
"239","Agree","Disagree","Agree","Disagree"
"240","Agree","Disagree","Agree","Agree"
"241","Agree","Agree","Disagree","StronglyAgree"
"243","Agree","Agree","StronglyAgree","StronglyAgree"
"244","Agree","Disagree","StronglyAgree","Disagree"
"245","Agree","Agree","Disagree","Agree"
"248","Agree","Disagree","Disagree","Agree"
"249","Agree","StronglyAgree","StronglyAgree","Agree"
"251","StronglyAgree","Disagree","StronglyAgree","Disagree"
"252","StronglyAgree","Disagree","StronglyAgree","Disagree"
"253","Agree","Disagree","Agree","StronglyAgree"
"254","Agree","Agree","Disagree","StronglyAgree"
"255","Agree","Agree","Disagree","Agree"
"256","Agree","Disagree","Agree","Agree"
"259","Disagree","StronglyAgree","Agree","Agree"
"260","Agree","Agree","Agree","Agree"
"261","Agree","Disagree","Agree","Agree"
"264","Agree","Disagree","Disagree","Agree"
"265","Agree","Disagree","StronglyDisagree","Agree"
"266","StronglyAgree","Agree","Agree","Disagree"
"267","StronglyDisagree","Disagree","Disagree","StronglyDisagree"
"268","StronglyDisagree","Agree","StronglyAgree","StronglyAgree"
"269","Disagree","StronglyAgree","StronglyAgree","StronglyAgree"
"270","Agree","Disagree","Agree","Disagree"
"271","Disagree","Disagree","Disagree","Disagree"
"272","StronglyAgree","Disagree","Agree","StronglyDisagree"
"273","Agree","Agree","Agree","Agree"
"276","Agree","Agree","StronglyDisagree","StronglyAgree"
"277","StronglyAgree","StronglyDisagree","StronglyAgree","StronglyAgree"
"278","StronglyDisagree","Disagree","Disagree","Disagree"
"279","Disagree","StronglyDisagree","StronglyDisagree","StronglyDisagree"
"280","StronglyAgree","Disagree","StronglyDisagree","Disagree"
"281","StronglyAgree","Disagree","Agree","Agree"
"282","Agree","Agree","Agree","StronglyAgree"
"284","Disagree","Disagree","Agree","Agree"
"285","Disagree","Disagree","StronglyDisagree","Disagree"
"286","Agree","Disagree","StronglyAgree","StronglyDisagree"
"287","Disagree","Disagree","StronglyAgree","Agree"
"288","Disagree","Disagree","Agree","Agree"
"289","Agree","Agree","Agree","StronglyAgree"
"290","Disagree","Agree","Agree","StronglyAgree"
"291","Agree","Disagree","StronglyAgree","StronglyAgree"
"293","Agree","Disagree","Agree","Disagree"
"294","Agree","StronglyAgree","Disagree","StronglyAgree"
"295","Agree","Disagree","Agree","Disagree"
"296","Disagree","Disagree","Agree","Disagree"
"297","Agree","Disagree","Agree","Agree"
"298","Agree","StronglyDisagree","StronglyAgree","Disagree"
"299","Agree","Disagree","Agree","Agree"
"300","Disagree","Agree","Disagree","StronglyAgree"
"301","Agree","StronglyDisagree","StronglyDisagree","StronglyAgree"
"304","Agree","Disagree","Disagree","Agree"
"305","Agree","Agree","Agree","StronglyAgree"
"307","Agree","StronglyDisagree","StronglyDisagree","StronglyAgree"
"308","Agree","Agree","Disagree","Agree"
"309","Agree","Agree","Agree","Disagree"
"310","Agree","Agree","Disagree","StronglyAgree"
"312","Agree","Agree","StronglyAgree","StronglyAgree"
"313","Disagree","Disagree","Disagree","Disagree"
"315","Agree","Disagree","Agree","Agree"
"316","Agree","Disagree","Agree","Agree"
"317","Agree","Disagree","Agree","Agree"
"318","StronglyAgree","StronglyDisagree","Agree","Agree"
"319","StronglyAgree","StronglyDisagree","StronglyAgree","StronglyAgree"
"320","Agree","StronglyAgree","Agree","Agree"
"321","StronglyDisagree","StronglyAgree","StronglyDisagree","StronglyAgree"
"322","Agree","Agree","Agree","Agree"
"323","Disagree","Agree","Agree","Agree"
"325","StronglyAgree","Agree","Agree","Agree"
"326","Disagree","Agree","Disagree","StronglyAgree"
"327","StronglyAgree","StronglyDisagree","StronglyAgree","StronglyDisagree"
"328","StronglyDisagree","Agree","Agree","Agree"
"329","Agree","StronglyAgree","StronglyAgree","StronglyAgree"
"330","Agree","Agree","Agree","Agree"
"331","Agree","Agree","StronglyAgree","Disagree"
"332","StronglyDisagree","Agree","Disagree","Disagree"
"334","Disagree","Agree","Disagree","StronglyAgree"
"335","Agree","Agree","Agree","StronglyAgree"
"336","Agree","Disagree","StronglyAgree","Agree"
"337","Agree","StronglyDisagree","StronglyAgree","Agree"
"338","StronglyAgree","StronglyAgree","StronglyAgree","Agree"
"341","Disagree","StronglyAgree","Disagree","Agree"
"342","Disagree","StronglyDisagree","Agree","Agree"
"344","Disagree","Agree","Agree","StronglyAgree"
"345","Disagree","Agree","Disagree","Agree"
"346","StronglyAgree","StronglyDisagree","StronglyAgree","Disagree"
"347","Agree","Disagree","Agree","StronglyDisagree"
"348","Agree","Disagree","StronglyAgree","Disagree"
"349","StronglyAgree","Agree","StronglyAgree","StronglyDisagree"
"350","Agree","Agree","Agree","StronglyDisagree"
"351","StronglyDisagree","Agree","Disagree","Agree"
"353","StronglyAgree","Agree","Agree","StronglyAgree"
"354","StronglyDisagree","StronglyAgree","Agree","StronglyAgree"
"355","Disagree","Agree","StronglyAgree","StronglyAgree"
"356","Disagree","Agree","Disagree","StronglyAgree"
"357","Agree","Disagree","Agree","Disagree"
"359","Agree","Disagree","StronglyDisagree","Agree"
"360","StronglyAgree","Agree","StronglyAgree","Agree"
"361","Agree","Disagree","Disagree","Disagree"
"363","Disagree","StronglyAgree","StronglyDisagree","StronglyAgree"
"364","Disagree","Disagree","Agree","Disagree"
"366","StronglyAgree","StronglyAgree","StronglyAgree","Disagree"
"367","Agree","Agree","Agree","StronglyAgree"
"369","StronglyAgree","Agree","Agree","StronglyAgree"
"370","Disagree","StronglyAgree","Agree","Agree"
"371","Agree","Disagree","Agree","Disagree"
"372","Agree","StronglyDisagree","Agree","StronglyDisagree"
"373","Agree","Agree","StronglyAgree","Disagree"
"374","StronglyAgree","Agree","StronglyAgree","StronglyAgree"
"375","Agree","Disagree","Disagree","Agree"
"376","Agree","Disagree","StronglyAgree","Agree"
"377","StronglyAgree","StronglyAgree","Disagree","Agree"
"379","Disagree","Agree","Agree","Agree"
"381","Agree","Disagree","Agree","Agree"
"382","Agree","Agree","StronglyAgree","Disagree"
"383","Disagree","StronglyAgree","Disagree","StronglyAgree"
"384","Agree","Agree","Agree","StronglyAgree"
"386","Agree","Agree","StronglyAgree","Agree"
"387","Agree","Disagree","StronglyAgree","Agree"
"388","Agree","Agree","Agree","StronglyAgree"
"389","Agree","Agree","Agree","StronglyAgree"
"391","Agree","Agree","Agree","Disagree"
"392","Disagree","Disagree","StronglyAgree","StronglyDisagree"
"393","Disagree","Disagree","StronglyAgree","Disagree"
"396","Agree","Disagree","Agree","Agree"
"397","Agree","Disagree","StronglyAgree","Disagree"
"399","Disagree","Agree","Agree","StronglyAgree"
"400","StronglyAgree","StronglyDisagree","StronglyAgree","Disagree"
"401","Agree","Disagree","Disagree","Agree"
"402","Agree","StronglyAgree","Disagree","StronglyAgree"
"403","Agree","Disagree","Disagree","Disagree"
"404","Agree","Disagree","Agree","Agree"
"405","Agree","Disagree","Agree","Disagree"
"406","Disagree","StronglyAgree","Agree","Disagree"
"407","Agree","StronglyAgree","Agree","StronglyAgree"
"408","StronglyAgree","StronglyAgree","Agree","StronglyAgree"
"410","Agree","Agree","Agree","StronglyAgree"
"411","Agree","Agree","Agree","StronglyAgree"
"412","StronglyAgree","Agree","StronglyAgree","StronglyAgree"
"413","Agree","Disagree","Agree","Agree"
"414","Disagree","StronglyAgree","Agree","StronglyAgree"
"415","Agree","Disagree","Disagree","Agree"
"416","Agree","Agree","Disagree","StronglyAgree"
"418","StronglyDisagree","Agree","Agree","Agree"
"422","Agree","Agree","Agree","StronglyAgree"
"423","Agree","Disagree","Agree","Agree"
"426","Disagree","Agree","Disagree","Agree"
"427","Agree","Agree","Agree","Disagree"
"428","Agree","Agree","Agree","Agree"
"429","Agree","StronglyAgree","StronglyDisagree","StronglyAgree"
"430","Disagree","Disagree","Disagree","Disagree"
"431","Agree","Agree","Agree","Agree"
"432","Agree","Agree","Agree","Disagree"
"433","StronglyAgree","Disagree","Agree","Agree"
"434","StronglyAgree","StronglyDisagree","StronglyAgree","Agree"
"435","Agree","Agree","Agree","Agree"
"436","Disagree","StronglyAgree","StronglyAgree","StronglyAgree"
"437","StronglyAgree","Disagree","Agree","StronglyDisagree"
"438","StronglyAgree","Disagree","StronglyAgree","StronglyAgree"
"439","Disagree","Disagree","Agree","Agree"
"441","Agree","Agree","Agree","Agree"
"442","Disagree","Agree","StronglyAgree","Agree"
"443","StronglyDisagree","Agree","StronglyAgree","Agree"
"444","Disagree","StronglyAgree","StronglyAgree","Agree"
"445","Agree","Disagree","Agree","Agree"
"446","StronglyAgree","StronglyDisagree","StronglyDisagree","StronglyAgree"
"447","StronglyDisagree","StronglyAgree","StronglyAgree","StronglyAgree"
"448","Disagree","Agree","Disagree","Disagree"
"449","StronglyAgree","StronglyAgree","Agree","StronglyAgree"
"450","StronglyDisagree","Disagree","Agree","Disagree"
"451","StronglyAgree","Agree","Agree","Agree"
"452","StronglyAgree","StronglyAgree","Agree","StronglyAgree"
"453","Agree","Disagree","StronglyAgree","Disagree"
"454","StronglyAgree","StronglyDisagree","StronglyAgree","StronglyDisagree"
"455","Disagree","Disagree","Agree","Agree"
"456","StronglyAgree","Disagree","Agree","Agree"
"457","Disagree","Disagree","Agree","StronglyAgree"
"460","Agree","Disagree","Disagree","Agree"
"461","StronglyAgree","Disagree","Agree","Disagree"
"462","Agree","Agree","Agree","Agree"
"463","Agree","Agree","Agree","Agree"
"464","Disagree","Disagree","Agree","Disagree"
"466","StronglyAgree","StronglyDisagree","Agree","Disagree"
"468","Agree","Disagree","Agree","Disagree"
"469","Disagree","Agree","StronglyDisagree","StronglyAgree"
"470","Disagree","Disagree","Agree","Agree"
"471","Disagree","Agree","StronglyAgree","StronglyAgree"
"473","Agree","Disagree","StronglyAgree","Agree"
"474","StronglyAgree","StronglyAgree","StronglyAgree","StronglyAgree"
"476","Agree","StronglyAgree","StronglyDisagree","StronglyAgree"
"477","StronglyAgree","Agree","Agree","Agree"
"478","Agree","StronglyDisagree","Disagree","Agree"
"479","Disagree","Agree","Disagree","Agree"
"481","Agree","Agree","StronglyAgree","StronglyAgree"
"482","Agree","StronglyDisagree","StronglyDisagree","StronglyAgree"
"484","Agree","StronglyAgree","StronglyAgree","StronglyAgree"
"486","StronglyDisagree","Agree","Disagree","Disagree"
"487","Disagree","Agree","Agree","Agree"
"488","Agree","Agree","Agree","Agree"
"489","StronglyAgree","StronglyDisagree","StronglyAgree","StronglyDisagree"
"490","Agree","Disagree","StronglyAgree","Disagree"
"491","Agree","StronglyAgree","Agree","StronglyAgree"
"492","Agree","Disagree","Agree","Agree"
"493","StronglyDisagree","StronglyAgree","Disagree","Disagree"
"494","StronglyAgree","StronglyAgree","StronglyAgree","StronglyAgree"
"496","Disagree","Agree","Agree","StronglyAgree"
"497","Agree","Disagree","Agree","Agree"
"499","StronglyAgree","StronglyDisagree","Agree","Disagree"
"500","Agree","Agree","Agree","StronglyAgree"
"501","Agree","Disagree","Agree","Agree"
"502","Disagree","Disagree","Agree","Agree"
"504","Agree","StronglyDisagree","StronglyAgree","Agree"
"505","Disagree","Disagree","Agree","StronglyAgree"
"506","StronglyAgree","StronglyDisagree","Disagree","Agree"
"507","Disagree","Disagree","StronglyDisagree","Disagree"
"509","Agree","StronglyAgree","StronglyDisagree","StronglyAgree"
"510","Agree","Disagree","Agree","Agree"
"512","Agree","StronglyAgree","StronglyAgree","Agree"
"513","Agree","Agree","Agree","Agree"
"514","Agree","Disagree","Agree","Disagree"
"515","Agree","Agree","StronglyAgree","StronglyAgree"
"516","Agree","Disagree","Agree","Disagree"
"517","Disagree","Agree","Agree","StronglyAgree"
"518","Disagree","Disagree","Agree","Agree"
"519","Disagree","StronglyAgree","Agree","StronglyAgree"
"520","Agree","Agree","Agree","Disagree"
"522","StronglyAgree","StronglyAgree","StronglyAgree","StronglyAgree"
"523","Disagree","Disagree","Agree","Agree"
"524","StronglyAgree","Disagree","Agree","Disagree"
"525","Agree","Agree","Agree","Agree"
"526","Agree","Disagree","Agree","StronglyDisagree"
"527","Agree","Disagree","Disagree","Agree"
"528","Agree","Agree","Disagree","StronglyAgree"
"529","Agree","Agree","Agree","Disagree"
"531","Agree","Agree","Agree","StronglyAgree"
"532","Agree","StronglyDisagree","Agree","Disagree"
"534","Disagree","Agree","StronglyAgree","StronglyAgree"
"535","StronglyAgree","Agree","Agree","Disagree"
"536","StronglyAgree","StronglyDisagree","Agree","StronglyDisagree"
"537","Agree","StronglyDisagree","Agree","Disagree"
"538","Agree","Disagree","Disagree","Disagree"
"539","Agree","Agree","Agree","StronglyAgree"
"540","Agree","Disagree","Agree","StronglyAgree"
"543","StronglyAgree","Disagree","StronglyAgree","StronglyAgree"
"544","Disagree","StronglyDisagree","Agree","Agree"
"545","Agree","Agree","Agree","StronglyAgree"
"546","Agree","StronglyAgree","Disagree","Agree"
"547","Agree","StronglyDisagree","Disagree","Agree"
"548","Agree","Disagree","StronglyAgree","Agree"
"549","Agree","Agree","Agree","Agree"
"550","Disagree","StronglyDisagree","StronglyAgree","Agree"
"551","Agree","Disagree","Disagree","Disagree"
"552","Agree","StronglyDisagree","Agree","StronglyAgree"
"554","Agree","StronglyAgree","StronglyAgree","StronglyAgree"
"556","Disagree","Agree","Agree","Agree"
"557","Agree","Disagree","Agree","Disagree"
"558","Agree","StronglyDisagree","Disagree","StronglyDisagree"
"559","Disagree","Disagree","StronglyAgree","Disagree"
"560","StronglyDisagree","Agree","Disagree","Disagree"
"561","Agree","Disagree","Agree","Disagree"
"562","StronglyAgree","Disagree","Agree","Disagree"
"563","Disagree","Disagree","Agree","Agree"
"564","StronglyDisagree","StronglyAgree","Agree","Agree"
"565","Disagree","StronglyAgree","Disagree","Agree"
"566","Disagree","Agree","Disagree","StronglyAgree"
"567","Agree","Agree","Agree","Disagree"
"568","Agree","Disagree","Agree","Agree"
"569","StronglyAgree","StronglyAgree","StronglyDisagree","StronglyAgree"
"570","Agree","Disagree","Agree","Disagree"
"571","Disagree","Disagree","Agree","Agree"
"573","Agree","Agree","StronglyAgree","Agree"
"574","Disagree","Agree","Disagree","Agree"
"575","Disagree","Agree","Agree","Agree"
"578","StronglyDisagree","Agree","StronglyDisagree","StronglyAgree"
"579","Agree","Agree","Agree","Agree"
"581","Agree","Disagree","StronglyAgree","Agree"
"582","Agree","Disagree","Agree","Agree"
"583","Disagree","Agree","Agree","Disagree"
"585","Agree","StronglyAgree","Agree","StronglyAgree"
"586","Disagree","Disagree","Disagree","StronglyAgree"
"588","StronglyAgree","Disagree","StronglyAgree","Disagree"
"589","Agree","Agree","Agree","Disagree"
"590","Agree","Disagree","Agree","Agree"
"591","Agree","StronglyDisagree","Agree","Disagree"
"592","Disagree","Agree","Disagree","StronglyAgree"
"593","Disagree","Agree","Agree","Agree"
"595","Disagree","Disagree","Agree","Disagree"
"596","Agree","StronglyDisagree","Agree","Disagree"
"597","StronglyAgree","StronglyDisagree","Disagree","Disagree"
"598","Agree","Agree","StronglyAgree","Agree"
"599","StronglyAgree","Agree","StronglyAgree","StronglyAgree"
"600","Disagree","Agree","Agree","Agree"
"601","Agree","Disagree","Agree","Disagree"
"603","Agree","Disagree","Agree","StronglyAgree"
"605","Disagree","Disagree","StronglyAgree","Agree"
"606","Agree","Disagree","Disagree","Agree"
"607","Agree","Agree","Agree","Disagree"
"608","StronglyAgree","StronglyDisagree","StronglyAgree","Disagree"
"610","StronglyAgree","Agree","Disagree","Agree"
"611","Disagree","Disagree","Agree","StronglyDisagree"
"612","Agree","Agree","StronglyAgree","StronglyAgree"
"613","StronglyDisagree","Agree","StronglyAgree","StronglyAgree"
"614","Agree","StronglyAgree","Disagree","Disagree"
"616","Agree","Disagree","Agree","Agree"
"617","Disagree","StronglyAgree","Disagree","Agree"
"619","Agree","Agree","StronglyAgree","Agree"
"620","StronglyAgree","Agree","Agree","Disagree"
"621","Disagree","StronglyDisagree","Disagree","Disagree"
"623","Disagree","Disagree","Disagree","Agree"
"624","Agree","Agree","Disagree","Agree"
"625","Agree","Disagree","Agree","Disagree"
"626","Disagree","Agree","Disagree","Agree"
"627","Agree","Agree","Agree","Agree"
"628","Agree","Disagree","Agree","Agree"
"629","Agree","StronglyAgree","Agree","Agree"
"630","Agree","Disagree","Agree","Disagree"
"631","StronglyAgree","StronglyDisagree","Agree","Disagree"
"632","Agree","Disagree","Agree","StronglyAgree"
"634","StronglyAgree","StronglyDisagree","StronglyAgree","StronglyAgree"
"635","Disagree","Agree","Disagree","StronglyAgree"
"636","Agree","Disagree","Agree","Agree"
"637","Agree","StronglyDisagree","StronglyAgree","Agree"
"639","Agree","Agree","Agree","Disagree"
"640","Agree","Disagree","StronglyAgree","Disagree"
"641","Disagree","Disagree","Agree","Disagree"
"642","Disagree","Disagree","Disagree","Agree"
"643","Agree","Agree","Agree","Agree"
"644","Disagree","Disagree","StronglyAgree","Agree"
"646","Agree","Agree","Agree","StronglyAgree"
"647","Disagree","Agree","StronglyDisagree","StronglyAgree"
"648","Disagree","Agree","StronglyAgree","Disagree"
"651","Agree","StronglyDisagree","StronglyAgree","Agree"
"652","StronglyAgree","StronglyDisagree","StronglyAgree","StronglyDisagree"
"653","Agree","Agree","Agree","StronglyAgree"
"654","Agree","Disagree","Disagree","Disagree"
"655","Agree","Disagree","Agree","Agree"
"656","Agree","Agree","Disagree","Agree"
"657","StronglyAgree","Disagree","Agree","Agree"
"658","Agree","Disagree","Agree","Agree"
"660","Agree","Agree","Agree","StronglyAgree"
"661","Agree","Agree","Agree","Agree"
"662","Agree","Agree","StronglyAgree","Disagree"
"663","Agree","Agree","Disagree","StronglyAgree"
"664","Agree","Disagree","Disagree","Agree"
"667","Disagree","Disagree","Agree","Agree"
"668","Disagree","Disagree","Disagree","Agree"
"669","Agree","StronglyAgree","Agree","StronglyAgree"
"670","Agree","StronglyAgree","StronglyDisagree","StronglyAgree"
"671","Agree","Disagree","Disagree","StronglyAgree"
"672","Disagree","Disagree","Agree","Disagree"
"673","Agree","Disagree","Agree","Agree"
"674","StronglyAgree","Disagree","Agree","StronglyAgree"
"676","Disagree","Disagree","Agree","Agree"
"677","StronglyAgree","Disagree","StronglyDisagree","StronglyAgree"
"678","Agree","StronglyDisagree","Agree","Disagree"
"679","Agree","StronglyAgree","StronglyDisagree","Agree"
"680","Disagree","Agree","Disagree","StronglyAgree"
"682","Agree","StronglyAgree","Disagree","StronglyAgree"
"683","Agree","Disagree","Agree","Agree"
"684","StronglyAgree","Agree","Agree","StronglyAgree"
"685","Disagree","StronglyAgree","StronglyDisagree","StronglyAgree"
"686","Disagree","StronglyAgree","Disagree","Agree"
"688","StronglyAgree","Agree","Agree","StronglyAgree"
"689","Agree","Agree","Disagree","Agree"
"690","StronglyAgree","Disagree","Disagree","Disagree"
"691","Agree","StronglyDisagree","StronglyDisagree","StronglyAgree"
"692","Disagree","StronglyAgree","Disagree","StronglyAgree"
"693","Agree","Disagree","Agree","Disagree"
"695","Agree","Agree","Agree","StronglyAgree"
"696","Disagree","StronglyAgree","StronglyDisagree","StronglyAgree"
"697","Disagree","StronglyAgree","Agree","StronglyAgree"
"698","Agree","Disagree","Agree","Disagree"
"699","Agree","StronglyAgree","Agree","StronglyAgree"
"701","Agree","Disagree","Agree","StronglyAgree"
"702","Disagree","StronglyAgree","Disagree","StronglyAgree"
"703","StronglyAgree","Disagree","Agree","StronglyAgree"
"704","Agree","Disagree","Agree","StronglyDisagree"
"705","Disagree","StronglyAgree","StronglyDisagree","StronglyAgree"
"706","Disagree","Disagree","Agree","Disagree"
"707","Disagree","StronglyDisagree","Disagree","StronglyAgree"
"708","Agree","Agree","Disagree","StronglyAgree"
"709","Agree","Disagree","Disagree","Disagree"
"710","StronglyDisagree","Disagree","StronglyDisagree","StronglyAgree"
"711","Agree","Disagree","Agree","Agree"
"712","Disagree","Agree","Disagree","Agree"
"713","Disagree","Disagree","StronglyDisagree","Agree"
"715","Disagree","Disagree","Disagree","Agree"
"716","Agree","Agree","StronglyDisagree","Disagree"
"717","Agree","Disagree","Agree","Agree"
"718","Disagree","Disagree","Disagree","Disagree"
"719","Disagree","Disagree","Agree","Agree"
"720","Agree","Agree","Disagree","Agree"
"721","Disagree","Disagree","Disagree","Agree"
"722","Agree","Agree","Disagree","Agree"
"723","Agree","Disagree","StronglyDisagree","StronglyAgree"
"724","Agree","Agree","Agree","StronglyDisagree"
"725","Agree","Disagree","Agree","StronglyAgree"
"727","StronglyAgree","StronglyAgree","Agree","Disagree"
"728","StronglyAgree","StronglyDisagree","StronglyAgree","StronglyDisagree"
"729","Agree","Disagree","StronglyDisagree","Agree"
"730","Agree","Agree","Disagree","Agree"
"731","Disagree","Agree","Disagree","StronglyAgree"
"732","Agree","Disagree","Disagree","Agree"
"733","StronglyAgree","StronglyDisagree","Agree","StronglyAgree"
"734","Agree","Disagree","StronglyDisagree","Disagree"
"735","Agree","Disagree","Disagree","Disagree"
"736","Agree","Disagree","StronglyDisagree","Agree"
"738","Agree","StronglyDisagree","StronglyAgree","Disagree"
"739","Agree","StronglyDisagree","Disagree","Agree"
"740","Disagree","Agree","Agree","Disagree"
"741","Agree","Agree","StronglyDisagree","StronglyAgree"
"743","Agree","Agree","Disagree","Agree"
"744","Agree","Disagree","Disagree","Disagree"
"745","Agree","Disagree","Agree","StronglyAgree"
"747","Agree","Disagree","Disagree","Agree"
"749","Agree","StronglyAgree","StronglyDisagree","Disagree"
"750","StronglyAgree","StronglyDisagree","StronglyAgree","Disagree"
"751","Agree","StronglyAgree","StronglyDisagree","StronglyAgree"
"752","Agree","Agree","Disagree","StronglyAgree"
"753","Disagree","StronglyAgree","Disagree","StronglyAgree"
"755","Agree","Agree","Agree","StronglyAgree"
"757","Disagree","StronglyAgree","StronglyDisagree","StronglyAgree"
"758","StronglyAgree","StronglyDisagree","Agree","Agree"
"759","StronglyAgree","StronglyDisagree","Agree","Disagree"
"760","Agree","Agree","Disagree","Agree"
"761","Agree","Disagree","Disagree","Agree"
"762","Disagree","Disagree","StronglyDisagree","StronglyAgree"
"763","Disagree","Agree","Agree","Agree"
"764","StronglyDisagree","Disagree","StronglyDisagree","Agree"
"765","Disagree","Disagree","Disagree","Disagree"
"766","Disagree","StronglyDisagree","StronglyDisagree","StronglyDisagree"
"767","Agree","Agree","Disagree","Agree"
"768","StronglyDisagree","StronglyAgree","StronglyDisagree","Agree"
"769","StronglyAgree","Disagree","StronglyAgree","StronglyDisagree"
"771","Disagree","StronglyAgree","StronglyDisagree","StronglyAgree"
"772","StronglyDisagree","Agree","StronglyDisagree","Agree"
"774","Agree","Agree","StronglyDisagree","StronglyAgree"
"775","Agree","Agree","Disagree","Disagree"
"777","Disagree","StronglyAgree","Agree","StronglyAgree"
"778","Agree","Agree","Disagree","StronglyAgree"
"779","Agree","Agree","StronglyDisagree","Agree"
"781","Agree","Disagree","StronglyDisagree","Agree"
"782","StronglyDisagree","StronglyAgree","StronglyDisagree","StronglyAgree"
"783","Disagree","Disagree","Disagree","StronglyAgree"
"784","StronglyDisagree","StronglyAgree","StronglyDisagree","StronglyAgree"
"785","Agree","Agree","Agree","Disagree"
"786","StronglyDisagree","Agree","StronglyDisagree","StronglyAgree"
"787","Agree","Disagree","Disagree","Disagree"
"788","StronglyDisagree","Agree","Agree","Disagree"
"789","StronglyAgree","StronglyDisagree","Disagree","StronglyDisagree"
"790","StronglyAgree","Disagree","StronglyAgree","Disagree"
"791","Agree","Agree","Disagree","StronglyAgree"
"792","Disagree","Disagree","Agree","Agree"
"793","Agree","Agree","Agree","Agree"
"794","Disagree","Disagree","StronglyDisagree","Agree"
"795","Disagree","Agree","Agree","Agree"
"796","Disagree","StronglyAgree","Disagree","Agree"
"797","Disagree","Agree","Agree","Agree"
"798","Agree","Agree","StronglyDisagree","StronglyAgree"
"799","Disagree","StronglyAgree","StronglyDisagree","Agree"
"801","Disagree","StronglyDisagree","Disagree","StronglyAgree"
"804","Agree","Disagree","Agree","StronglyAgree"
"805","Disagree","Agree","Disagree","StronglyAgree"
"806","StronglyDisagree","Agree","StronglyDisagree","StronglyAgree"
"807","Disagree","Disagree","Agree","Agree"
"808","Agree","StronglyAgree","Agree","Agree"
"809","Agree","Agree","Disagree","StronglyAgree"
"811","Agree","Agree","StronglyDisagree","Agree"
"812","StronglyAgree","Disagree","Disagree","Agree"
"813","Agree","Disagree","Agree","Disagree"
"815","Disagree","StronglyAgree","StronglyDisagree","StronglyAgree"
"816","StronglyAgree","StronglyDisagree","Agree","StronglyAgree"
"817","Agree","Agree","Disagree","StronglyAgree"
"818","Agree","Agree","StronglyDisagree","Disagree"
"819","Agree","Agree","Agree","Agree"
"820","Disagree","StronglyAgree","StronglyDisagree","Agree"
"821","Agree","Agree","Disagree","StronglyAgree"
"822","Agree","Agree","Agree","Disagree"
"823","Disagree","Agree","StronglyDisagree","StronglyAgree"
"824","Agree","Agree","Disagree","Disagree"
"825","Disagree","Disagree","Agree","StronglyAgree"
"826","Agree","Disagree","Agree","Disagree"
"827","Agree","Disagree","Agree","Agree"
"828","Agree","Agree","Agree","Agree"
"833","Disagree","Agree","StronglyDisagree","StronglyAgree"
"834","Agree","StronglyAgree","Disagree","Agree"
"837","Disagree","StronglyAgree","StronglyDisagree","StronglyAgree"
"839","Agree","Agree","Disagree","Agree"
"840","Agree","Disagree","Agree","Agree"
"842","Agree","Agree","Disagree","StronglyDisagree"
"843","Agree","Disagree","Agree","Disagree"
"844","Agree","StronglyDisagree","StronglyDisagree","StronglyDisagree"
"846","Agree","StronglyAgree","Disagree","StronglyAgree"
"847","Disagree","Disagree","Disagree","Disagree"
"849","StronglyAgree","Disagree","StronglyAgree","StronglyAgree"
"851","Agree","Disagree","StronglyDisagree","Disagree"
"852","Agree","Agree","Agree","Agree"
"854","StronglyDisagree","Agree","StronglyDisagree","StronglyAgree"
"855","Disagree","StronglyAgree","StronglyDisagree","StronglyAgree"
"856","Disagree","StronglyAgree","StronglyDisagree","StronglyAgree"
"857","Disagree","Agree","Agree","Disagree"
"859","Disagree","Agree","Disagree","StronglyAgree"
"860","StronglyDisagree","Agree","Agree","StronglyAgree"
"861","StronglyAgree","Agree","Disagree","StronglyDisagree"
"862","Agree","Disagree","Disagree","Agree"
"863","StronglyDisagree","Disagree","StronglyDisagree","Agree"
"864","Disagree","Agree","Agree","StronglyAgree"
"865","Disagree","StronglyAgree","StronglyAgree","StronglyAgree"
"867","Agree","Disagree","Agree","Agree"
"868","Agree","Agree","StronglyAgree","Disagree"
"869","StronglyDisagree","Agree","Agree","Agree"
"870","Agree","Agree","Disagree","StronglyAgree"
"871","Disagree","StronglyAgree","Disagree","Agree"
"872","StronglyDisagree","StronglyAgree","StronglyDisagree","StronglyAgree"
"873","Agree","Disagree","Agree","StronglyAgree"
"875","Agree","Agree","Disagree","StronglyAgree"
"876","Disagree","StronglyAgree","StronglyDisagree","StronglyAgree"
"877","Disagree","Agree","Agree","StronglyAgree"
"878","Disagree","StronglyAgree","Disagree","Agree"
"879","StronglyDisagree","Agree","Disagree","Agree"
"881","Agree","Disagree","StronglyDisagree","StronglyAgree"
"884","Agree","StronglyDisagree","Agree","StronglyDisagree"
"885","Agree","Disagree","Disagree","Disagree"
"887","StronglyAgree","Agree","Agree","Agree"
"888","StronglyDisagree","Agree","Disagree","Agree"
"889","Disagree","Disagree","Agree","Disagree"
"890","Disagree","StronglyAgree","Disagree","Agree"
"891","Agree","Disagree","Agree","StronglyAgree"
"892","Agree","Agree","Disagree","Agree"
"893","Agree","Disagree","Agree","Disagree"
"895","Agree","StronglyAgree","Agree","Agree"
"896","Disagree","StronglyAgree","StronglyDisagree","StronglyAgree"
"897","Disagree","StronglyAgree","StronglyDisagree","StronglyAgree"
"898","Disagree","Disagree","Disagree","Disagree"
"899","Disagree","Disagree","StronglyAgree","Agree"
"900","StronglyAgree","StronglyDisagree","StronglyAgree","StronglyDisagree"
"901","Disagree","StronglyAgree","StronglyDisagree","StronglyAgree"
"902","Agree","Disagree","Agree","Disagree"
"903","Agree","StronglyDisagree","Agree","Disagree"
"904","Agree","Agree","Disagree","Agree"
"905","Disagree","Agree","StronglyDisagree","StronglyAgree"
"907","Disagree","StronglyAgree","StronglyDisagree","StronglyAgree"
"908","StronglyAgree","StronglyDisagree","Disagree","Disagree"
"910","StronglyAgree","StronglyDisagree","StronglyAgree","Disagree"
"911","Agree","Agree","Agree","Agree"
"912","Disagree","StronglyAgree","StronglyDisagree","StronglyAgree"
"914","Agree","Disagree","Agree","Agree"
"915","Disagree","StronglyAgree","Disagree","StronglyAgree"
"916","Agree","Agree","Disagree","StronglyAgree"
"917","Agree","Disagree","Disagree","Disagree"
"919","Agree","Disagree","StronglyDisagree","StronglyAgree"
"920","Agree","Agree","Agree","Agree"
"921","Agree","Agree","Agree","Agree"
"922","StronglyDisagree","Agree","Disagree","StronglyAgree"
"924","Disagree","StronglyAgree","Agree","StronglyAgree"
"925","Disagree","Disagree","Disagree","Disagree"
"928","Disagree","StronglyDisagree","Disagree","Agree"
"929","Disagree","Agree","Disagree","Agree"
"930","Disagree","Agree","Disagree","Agree"
"932","Agree","Agree","Disagree","Disagree"
"933","Disagree","StronglyAgree","Disagree","Agree"
"934","StronglyAgree","Disagree","Agree","Agree"
"935","Disagree","StronglyAgree","Disagree","Disagree"
"936","Disagree","Disagree","Disagree","Agree"
"937","Agree","Agree","Disagree","StronglyAgree"
"938","Agree","Agree","Agree","Disagree"
"940","Agree","Disagree","Agree","Agree"
"941","StronglyAgree","StronglyDisagree","StronglyAgree","Disagree"
"942","Agree","StronglyAgree","StronglyDisagree","StronglyAgree"
"943","StronglyDisagree","Disagree","Disagree","StronglyAgree"
"944","Agree","Disagree","Agree","Agree"
"945","Agree","Agree","Disagree","Disagree"
"947","StronglyAgree","Agree","StronglyAgree","Disagree"
"948","Agree","Disagree","StronglyAgree","Agree"
"950","Agree","Agree","Agree","Agree"
"951","Agree","Disagree","Agree","Agree"
"952","StronglyDisagree","StronglyAgree","StronglyDisagree","StronglyAgree"
"953","Disagree","Agree","StronglyDisagree","Agree"
"954","Disagree","Disagree","Agree","Agree"
"955","Agree","Disagree","Agree","Disagree"
"956","Disagree","Agree","Disagree","Agree"
"957","StronglyAgree","Agree","Agree","Agree"
"958","StronglyDisagree","Agree","StronglyDisagree","Disagree"
"961","Disagree","StronglyAgree","StronglyDisagree","StronglyAgree"
"962","Agree","Agree","Agree","StronglyAgree"
"965","Disagree","Agree","StronglyDisagree","StronglyAgree"
"966","StronglyAgree","Agree","StronglyDisagree","Agree"
"968","Agree","Disagree","Agree","Agree"
"969","StronglyDisagree","StronglyAgree","StronglyDisagree","StronglyAgree"
"970","Agree","Agree","Agree","Disagree"
"971","Disagree","StronglyDisagree","StronglyDisagree","StronglyAgree"
"972","Agree","Disagree","Agree","Agree"
"973","Agree","Disagree","Agree","Disagree"
"975","Disagree","StronglyDisagree","Agree","Disagree"
"976","Disagree","Agree","Disagree","Agree"
"977","StronglyAgree","StronglyDisagree","StronglyDisagree","StronglyAgree"
"978","StronglyDisagree","StronglyAgree","StronglyDisagree","StronglyAgree"
"979","Agree","Agree","Disagree","Agree"
"980","Agree","Agree","Agree","Agree"
"982","Agree","StronglyDisagree","StronglyAgree","Disagree"
"983","StronglyAgree","StronglyDisagree","StronglyDisagree","StronglyDisagree"
"985","Agree","Agree","Agree","Agree"
"986","StronglyDisagree","StronglyDisagree","Agree","Disagree"
"987","Disagree","Disagree","Disagree","Agree"
"988","Disagree","Agree","StronglyDisagree","StronglyDisagree"
"989","Agree","Disagree","Disagree","Disagree"
"990","Disagree","Agree","Disagree","Agree"
"991","StronglyAgree","StronglyAgree","Disagree","Agree"
"992","Disagree","StronglyAgree","StronglyDisagree","StronglyAgree"
"993","StronglyDisagree","Disagree","Agree","StronglyAgree"
"994","StronglyAgree","Agree","Agree","StronglyAgree"
"995","Agree","Disagree","Agree","Disagree"
"996","Disagree","Agree","Disagree","Agree"
"997","Agree","Agree","Agree","StronglyAgree"
"998","Disagree","Agree","Disagree","StronglyAgree"
"999","Agree","Agree","Agree","Agree"
"1000","Disagree","StronglyAgree","StronglyDisagree","Agree"
"1001","Disagree","Disagree","Agree","Disagree"
"1002","Agree","Agree","Disagree","Agree"
"1003","Agree","Disagree","Disagree","Agree"
"1004","StronglyDisagree","Agree","StronglyDisagree","StronglyAgree"
"1005","Agree","StronglyDisagree","StronglyAgree","StronglyAgree"
"1006","Agree","StronglyDisagree","Disagree","Agree"
"1007","StronglyDisagree","Agree","Disagree","Agree"
"1008","StronglyAgree","Disagree","StronglyDisagree","Agree"
"1009","Agree","StronglyDisagree","Disagree","Agree"
"1010","Agree","Disagree","Disagree","StronglyAgree"
"1011","Disagree","StronglyAgree","StronglyDisagree","StronglyAgree"
"1012","Agree","Agree","Agree","Agree"
"1014","Agree","Agree","Agree","Agree"
"1015","Agree","Agree","Disagree","Disagree"
"1016","StronglyAgree","Agree","StronglyAgree","StronglyAgree"
"1017","Agree","Agree","Disagree","Agree"
"1018","StronglyAgree","Disagree","Disagree","Agree"
"1019","Disagree","Agree","Disagree","StronglyAgree"
"1020","Agree","Disagree","Disagree","Agree"
"1021","StronglyAgree","StronglyDisagree","Agree","Disagree"
"1022","StronglyDisagree","StronglyAgree","Agree","Agree"
"1023","Agree","Agree","StronglyDisagree","StronglyAgree"
"1024","Agree","Disagree","StronglyDisagree","Disagree"
"1025","Agree","Agree","Agree","Agree"
"1028","Agree","Disagree","Disagree","Agree"
"1029","Disagree","Disagree","Disagree","StronglyAgree"
"1030","Disagree","StronglyAgree","StronglyDisagree","StronglyAgree"
"1031","Disagree","Disagree","Disagree","Agree"
"1032","Disagree","Disagree","Disagree","Disagree"
"1033","Agree","StronglyAgree","Disagree","StronglyAgree"
"1034","StronglyAgree","StronglyDisagree","StronglyAgree","StronglyDisagree"
"1036","Agree","Agree","Agree","StronglyAgree"
"1037","Disagree","Agree","Disagree","Disagree"
"1038","StronglyDisagree","Agree","Agree","StronglyAgree"
"1039","StronglyAgree","StronglyDisagree","Agree","Agree"
"1040","Disagree","Agree","StronglyDisagree","StronglyAgree"
"1042","Agree","Disagree","Agree","Agree"
"1043","Agree","Disagree","StronglyDisagree","StronglyAgree"
"1045","Agree","StronglyAgree","Disagree","StronglyAgree"
"1046","Agree","Disagree","Disagree","Agree"
"1047","Disagree","Agree","Disagree","Agree"
"1048","Agree","Disagree","Disagree","StronglyAgree"
"1049","Agree","Agree","Disagree","Disagree"
"1050","Disagree","StronglyAgree","Disagree","Agree"
"1051","Agree","Disagree","Disagree","Disagree"
"1052","Agree","Agree","Disagree","Disagree"
"1053","Agree","StronglyAgree","StronglyDisagree","StronglyAgree"
"1054","Agree","Agree","Agree","StronglyAgree"
"1056","Agree","Agree","Disagree","Agree"
"1057","Agree","Disagree","Agree","Agree"
"1058","Disagree","Agree","Agree","StronglyAgree"
"1059","Disagree","Agree","Agree","StronglyAgree"
"1060","Agree","Agree","Disagree","StronglyAgree"
"1061","Agree","Agree","Disagree","Agree"
"1062","StronglyAgree","StronglyAgree","StronglyDisagree","StronglyAgree"
"1063","Disagree","Disagree","Disagree","StronglyDisagree"
"1064","StronglyAgree","Disagree","Agree","Disagree"
"1065","Agree","StronglyDisagree","Agree","StronglyDisagree"
"1066","Disagree","Agree","Agree","StronglyAgree"
"1067","Disagree","Agree","Disagree","StronglyAgree"
"1069","StronglyDisagree","Agree","Agree","Disagree"
"1070","Agree","Disagree","StronglyAgree","Agree"
"1071","Agree","Agree","Agree","Agree"
"1072","Disagree","Agree","Agree","Agree"
"1073","StronglyAgree","Disagree","StronglyDisagree","Disagree"
"1074","Disagree","StronglyAgree","Agree","Agree"
"1075","StronglyDisagree","Disagree","Agree","Disagree"
"1076","Disagree","Disagree","StronglyDisagree","StronglyAgree"
"1077","Agree","Agree","Agree","Agree"
"1080","StronglyAgree","StronglyDisagree","Agree","Disagree"
"1081","Disagree","Disagree","Agree","Disagree"
"1082","Agree","Disagree","Agree","Disagree"
"1083","Agree","Agree","Agree","Agree"
"1084","Agree","StronglyDisagree","Agree","Disagree"
"1085","Agree","Agree","StronglyDisagree","StronglyAgree"
"1086","Disagree","Disagree","Disagree","Disagree"
"1087","Disagree","Agree","Disagree","Agree"
"1088","Agree","Agree","Agree","Agree"
"1089","StronglyDisagree","StronglyAgree","Disagree","Disagree"
"1090","Agree","Agree","Disagree","Agree"
"1091","Disagree","Disagree","Disagree","StronglyAgree"
"1092","StronglyDisagree","StronglyAgree","StronglyDisagree","StronglyAgree"
"1094","Disagree","Disagree","Agree","StronglyAgree"
"1096","Agree","Disagree","Disagree","Disagree"
"1097","StronglyAgree","Disagree","StronglyAgree","Agree"
"1098","Disagree","Disagree","StronglyDisagree","Agree"
"1099","Agree","Agree","StronglyDisagree","Agree"
"1101","Agree","Disagree","Agree","Agree"
"1102","StronglyAgree","StronglyDisagree","StronglyAgree","StronglyDisagree"
"1103","Disagree","Agree","Disagree","StronglyAgree"
"1104","StronglyDisagree","Agree","Agree","Agree"
"1105","StronglyDisagree","Disagree","StronglyDisagree","StronglyAgree"
"1106","Agree","Agree","Agree","StronglyAgree"
"1108","Disagree","Disagree","Agree","Disagree"
"1109","Disagree","StronglyDisagree","Disagree","StronglyAgree"
"1110","Disagree","Agree","StronglyDisagree","StronglyAgree"
"1111","Agree","Disagree","Agree","Agree"
"1113","Agree","Disagree","StronglyDisagree","StronglyAgree"
"1114","Disagree","Agree","Disagree","Agree"
"1115","Disagree","Disagree","Agree","Disagree"
"1116","Disagree","Agree","StronglyDisagree","StronglyAgree"
"1117","Agree","StronglyAgree","StronglyAgree","StronglyAgree"
"1118","Agree","Agree","Agree","Disagree"
"1119","Disagree","Agree","Disagree","Agree"
"1120","Disagree","StronglyAgree","StronglyDisagree","StronglyAgree"
"1121","Disagree","Agree","StronglyDisagree","StronglyAgree"
"1122","Agree","Agree","Agree","Agree"
"1125","Agree","Agree","Agree","Agree"
"1127","Agree","Disagree","Agree","Agree"
"1128","Agree","Agree","Disagree","StronglyAgree"
"1129","Disagree","Disagree","Disagree","Agree"
"1130","Agree","Agree","StronglyDisagree","StronglyAgree"
"1131","Agree","Agree","StronglyDisagree","StronglyAgree"
"1132","Disagree","Agree","StronglyDisagree","StronglyAgree"
"1133","Agree","Disagree","Agree","Agree"
"1134","Disagree","StronglyDisagree","StronglyDisagree","StronglyAgree"
"1135","StronglyAgree","Disagree","Agree","Agree"
"1137","Disagree","Agree","StronglyDisagree","Agree"
"1138","Agree","Disagree","StronglyDisagree","Agree"
"1139","Agree","Agree","Agree","Agree"
"1140","Disagree","Agree","Agree","Agree"
"1141","Disagree","StronglyDisagree","Agree","Agree"
"1142","Agree","Agree","Agree","Disagree"
"1143","StronglyAgree","Disagree","Agree","StronglyDisagree"
"1144","StronglyAgree","StronglyAgree","StronglyAgree","StronglyAgree"
"1146","StronglyAgree","Disagree","StronglyAgree","Agree"
"1148","Disagree","Disagree","Agree","Disagree"
"1150","StronglyAgree","StronglyDisagree","StronglyDisagree","StronglyAgree"
"1151","Agree","Agree","Disagree","StronglyAgree"
"1152","Agree","Agree","Disagree","Agree"
"1153","Agree","Agree","Agree","Agree"
"1154","StronglyAgree","Agree","Disagree","Disagree"
"1155","StronglyDisagree","StronglyAgree","Disagree","Agree"
"1156","Agree","Disagree","Agree","Agree"
"1157","Disagree","Disagree","Agree","Disagree"
"1158","Agree","Agree","StronglyAgree","StronglyAgree"
"1159","Agree","Agree","StronglyDisagree","Agree"
"1160","Agree","StronglyAgree","Disagree","StronglyAgree"
"1161","Agree","Disagree","Agree","Disagree"
"1163","Disagree","Agree","Disagree","StronglyAgree"
"1164","Agree","Disagree","Agree","Disagree"
"1165","StronglyAgree","Agree","Agree","StronglyAgree"
"1166","Agree","Disagree","Agree","Agree"
"1167","Agree","Agree","StronglyDisagree","Agree"
"1168","Agree","Agree","Disagree","StronglyAgree"
"1169","Agree","Disagree","Disagree","Agree"
"1170","Agree","Agree","Disagree","Agree"
"1171","Disagree","Agree","Disagree","StronglyAgree"
"1172","Agree","Agree","Disagree","Agree"
"1174","Agree","StronglyAgree","Agree","StronglyAgree"
"1175","Agree","Agree","Disagree","Disagree"
"1176","StronglyAgree","Agree","Disagree","StronglyAgree"
"1177","Agree","Disagree","Disagree","Disagree"
"1179","StronglyAgree","StronglyDisagree","Agree","StronglyDisagree"
"1180","Agree","Agree","StronglyDisagree","Disagree"
"1181","Agree","StronglyAgree","StronglyDisagree","Agree"
"1182","Disagree","Disagree","Agree","Disagree"
"1184","Agree","StronglyAgree","Disagree","StronglyAgree"
"1185","Disagree","Agree","Disagree","StronglyAgree"
"1186","StronglyAgree","Disagree","Disagree","StronglyDisagree"
"1187","Disagree","StronglyAgree","StronglyDisagree","StronglyAgree"
"1188","Agree","Disagree","Disagree","Disagree"
"1189","Agree","Disagree","Agree","StronglyDisagree"
"1190","Agree","Disagree","StronglyDisagree","Disagree"
"1191","StronglyAgree","StronglyDisagree","StronglyAgree","StronglyDisagree"
"1192","Agree","StronglyDisagree","StronglyAgree","Agree"
"1193","Agree","StronglyAgree","StronglyDisagree","StronglyAgree"
"1194","Disagree","StronglyAgree","Disagree","StronglyAgree"
"1195","StronglyAgree","Disagree","Agree","Disagree"
"1196","Agree","Disagree","Agree","StronglyAgree"
"1197","Agree","Disagree","Disagree","StronglyAgree"
"1198","Agree","Disagree","Disagree","Agree"
"1200","StronglyAgree","Disagree","StronglyAgree","Disagree"
"1202","Agree","StronglyDisagree","StronglyAgree","Disagree"
"1203","Agree","Agree","Agree","Agree"
"1204","Agree","Agree","Disagree","Agree"
"1205","Disagree","StronglyAgree","StronglyDisagree","StronglyAgree"
"1207","Agree","StronglyDisagree","Agree","Disagree"
"1208","StronglyAgree","Agree","StronglyDisagree","Agree"
"1210","Agree","StronglyDisagree","Agree","Agree"
"1211","Disagree","Disagree","Disagree","StronglyAgree"
"1213","StronglyAgree","Disagree","StronglyDisagree","StronglyAgree"
"1214","StronglyDisagree","Agree","Disagree","Disagree"
"1216","Disagree","Disagree","Agree","Agree"
"1217","Disagree","Agree","Disagree","Agree"
"1218","StronglyAgree","StronglyDisagree","Agree","Disagree"
"1219","Agree","StronglyAgree","Disagree","StronglyAgree"
"1220","Agree","Agree","StronglyDisagree","StronglyAgree"
"1223","Agree","Agree","Agree","Agree"
"1224","Agree","Disagree","StronglyAgree","Agree"
"1225","Agree","Disagree","Disagree","StronglyAgree"
"1226","Agree","Agree","Disagree","Agree"
"1227","Agree","Agree","Disagree","Disagree"
"1228","StronglyAgree","Disagree","Disagree","Disagree"
"1229","StronglyAgree","Agree","Disagree","StronglyAgree"
"1230","Agree","StronglyAgree","StronglyDisagree","Agree"
"1231","StronglyAgree","Agree","Disagree","Agree"
"1232","Agree","StronglyAgree","Disagree","Agree"
"1233","Agree","Agree","Disagree","StronglyAgree"
"1234","Disagree","Disagree","Disagree","Agree"
"1235","Disagree","Agree","Disagree","Agree"
"1237","StronglyDisagree","Disagree","Disagree","Agree"
"1238","Disagree","Agree","Disagree","StronglyAgree"
"1239","Agree","StronglyAgree","Disagree","StronglyAgree"
"1240","Agree","Agree","Disagree","Disagree"
"1241","Agree","Agree","Disagree","StronglyDisagree"
"1242","Disagree","Agree","Disagree","Agree"
"1245","Agree","Agree","Disagree","Agree"
"1247","Agree","Agree","Agree","Disagree"
"1248","Agree","Agree","Disagree","Disagree"
"1249","Disagree","StronglyAgree","StronglyDisagree","StronglyAgree"
"1250","StronglyAgree","StronglyDisagree","StronglyDisagree","StronglyDisagree"
"1251","Agree","Agree","Disagree","Agree"
"1252","StronglyAgree","StronglyAgree","StronglyDisagree","StronglyAgree"
"1253","Agree","StronglyDisagree","Disagree","Disagree"
"1254","Agree","Agree","StronglyDisagree","Agree"
"1255","Agree","Agree","Agree","Agree"
"1256","Disagree","StronglyAgree","Disagree","StronglyDisagree"
"1257","Agree","StronglyAgree","StronglyDisagree","StronglyAgree"
"1258","Agree","Disagree","Agree","Agree"
"1259","Agree","Disagree","Agree","Disagree"
"1260","StronglyDisagree","Agree","Disagree","Agree"
"1262","Disagree","Agree","Disagree","StronglyAgree"
"1263","Agree","Disagree","Agree","StronglyAgree"
"1264","Agree","StronglyAgree","Disagree","StronglyAgree"
"1265","Disagree","Disagree","Agree","Agree"
"1267","Disagree","Disagree","Disagree","StronglyAgree"
"1268","Agree","Disagree","Agree","StronglyAgree"
"1269","Agree","Disagree","Agree","Disagree"
"1270","StronglyAgree","Disagree","Disagree","StronglyDisagree"
"1271","Agree","Disagree","Agree","Disagree"
"1272","Agree","StronglyAgree","StronglyDisagree","StronglyAgree"
"1273","Disagree","StronglyAgree","StronglyDisagree","StronglyAgree"
"1274","Agree","StronglyAgree","Disagree","Agree"
"1275","Disagree","StronglyAgree","Disagree","Agree"
"1276","Agree","StronglyAgree","StronglyDisagree","StronglyAgree"
"1277","Agree","StronglyAgree","StronglyDisagree","StronglyAgree"
"1278","Agree","Agree","Agree","Agree"
"1279","StronglyAgree","Disagree","Agree","Agree"
"1280","Agree","Agree","StronglyDisagree","Disagree"
"1281","Disagree","Agree","Disagree","Agree"
"1282","Agree","Disagree","Agree","Disagree"
"1283","Agree","Disagree","Disagree","StronglyAgree"
"1284","Agree","Disagree","Agree","Disagree"
"1286","Agree","Agree","Agree","Agree"
"1287","Agree","Agree","StronglyAgree","Disagree"
"1288","Disagree","Agree","Disagree","Disagree"
"1289","Disagree","Agree","Agree","StronglyAgree"
"1290","StronglyDisagree","StronglyAgree","Agree","Agree"
"1291","Agree","StronglyDisagree","Agree","StronglyDisagree"
"1293","StronglyDisagree","Agree","Agree","Agree"
"1295","StronglyDisagree","Agree","Disagree","Agree"
"1296","Agree","Disagree","Agree","Agree"
"1297","Agree","Agree","StronglyDisagree","StronglyAgree"
"1298","Agree","Agree","Disagree","Agree"
"1299","Agree","StronglyAgree","StronglyDisagree","StronglyAgree"
"1301","Agree","StronglyAgree","StronglyDisagree","StronglyAgree"
"1302","Agree","Agree","Disagree","StronglyAgree"
"1303","Agree","StronglyDisagree","Agree","Disagree"
"1304","Disagree","StronglyAgree","StronglyDisagree","StronglyAgree"
"1305","Agree","Agree","Disagree","Agree"
"1307","Agree","Agree","Disagree","StronglyAgree"
"1309","Agree","Agree","Disagree","Agree"
"1310","Disagree","StronglyAgree","Agree","StronglyAgree"
"1311","StronglyAgree","StronglyDisagree","Agree","Disagree"
"1312","StronglyDisagree","StronglyAgree","StronglyDisagree","StronglyAgree"
"1313","Disagree","Disagree","Disagree","Agree"
"1314","Disagree","Agree","Disagree","StronglyAgree"
"1315","Disagree","Agree","Agree","Agree"
"1316","Disagree","Agree","Disagree","StronglyAgree"
"1317","StronglyAgree","Agree","Agree","Disagree"
"1318","Disagree","Disagree","Agree","Agree"
"1320","Disagree","Agree","Disagree","StronglyAgree"
"1321","Disagree","Agree","Agree","Agree"
"1323","Agree","Agree","Disagree","Agree"
"1324","Disagree","Agree","Disagree","StronglyAgree"
"1325","Agree","Disagree","Agree","Disagree"
"1326","Agree","StronglyDisagree","Agree","StronglyDisagree"
"1327","Agree","Disagree","Agree","Disagree"
"1328","Agree","Agree","Disagree","Agree"
"1329","Agree","StronglyDisagree","Disagree","Agree"
"1331","Agree","Agree","Agree","Agree"
"1332","StronglyDisagree","Disagree","Agree","Agree"
"1333","Disagree","Agree","StronglyDisagree","StronglyAgree"
"1334","Agree","StronglyDisagree","Agree","Disagree"
"1336","Disagree","Agree","StronglyDisagree","Agree"
"1337","Agree","Agree","Disagree","Agree"
"1338","StronglyAgree","StronglyAgree","StronglyDisagree","Agree"
"1339","StronglyAgree","Disagree","Disagree","Disagree"
"1340","Agree","Agree","Disagree","Agree"
"1344","Agree","Disagree","Agree","Agree"
"1350","Disagree","Disagree","StronglyDisagree","StronglyAgree"
"1351","Agree","Agree","Disagree","Agree"
"1352","Disagree","Agree","Disagree","Agree"
"1353","Agree","Disagree","Agree","Agree"
"1354","Disagree","Agree","StronglyDisagree","StronglyAgree"
"1355","Agree","Agree","StronglyDisagree","Agree"
"1356","Disagree","StronglyAgree","Disagree","StronglyAgree"
"1357","StronglyAgree","Disagree","Disagree","Disagree"
"1359","Agree","Disagree","StronglyAgree","Disagree"
"1360","Agree","Agree","Agree","Agree"
"1361","Agree","Agree","Disagree","Agree"
"1362","Agree","Disagree","Disagree","StronglyDisagree"
"1363","Agree","StronglyAgree","StronglyDisagree","StronglyAgree"
"1364","Disagree","Agree","Disagree","Agree"
"1365","StronglyAgree","StronglyDisagree","Disagree","Disagree"
"1366","Disagree","Agree","Disagree","StronglyAgree"
"1367","Agree","Disagree","Agree","Agree"
"1368","Disagree","Agree","StronglyDisagree","StronglyAgree"
"1369","Agree","Disagree","Disagree","Agree"
"1370","Agree","Agree","Agree","Agree"
"1371","Disagree","Agree","Disagree","Agree"
"1372","Disagree","StronglyAgree","Disagree","Agree"
"1375","Agree","Agree","Disagree","StronglyAgree"
"1377","Agree","Disagree","Agree","Agree"
"1378","Agree","Disagree","Disagree","Agree"
"1379","Disagree","Agree","StronglyDisagree","StronglyAgree"
"1380","Agree","Agree","Disagree","StronglyAgree"
"1381","StronglyDisagree","Agree","StronglyDisagree","StronglyAgree"
"1382","Disagree","Agree","Disagree","StronglyAgree"
"1383","Agree","StronglyAgree","StronglyAgree","Agree"
"1384","Agree","Disagree","Agree","Agree"
"1385","Agree","Disagree","Disagree","Agree"
"1386","Agree","StronglyDisagree","Agree","Agree"
"1388","Disagree","Disagree","Agree","Disagree"
"1389","Agree","Agree","Agree","StronglyDisagree"
"1390","Agree","Disagree","Agree","Disagree"
"1391","Agree","Agree","Agree","StronglyAgree"
"1392","Agree","StronglyAgree","Agree","Agree"
"1393","StronglyDisagree","Disagree","Disagree","Agree"
"1395","Agree","StronglyAgree","Disagree","StronglyAgree"
"1396","Disagree","StronglyAgree","StronglyDisagree","StronglyAgree"
"1397","Disagree","Disagree","Agree","StronglyAgree"
"1398","Agree","Disagree","Agree","Agree"
"1399","Disagree","Disagree","Agree","Agree"
"1401","Disagree","StronglyAgree","StronglyDisagree","StronglyAgree"
"1402","StronglyAgree","StronglyDisagree","StronglyAgree","StronglyAgree"
"1403","StronglyDisagree","StronglyAgree","Agree","StronglyAgree"
"1404","Agree","Disagree","Disagree","Agree"
"1406","Agree","StronglyAgree","StronglyDisagree","StronglyAgree"
"1407","Disagree","Agree","Agree","Agree"
"1408","StronglyAgree","Disagree","Agree","Disagree"
"1409","StronglyAgree","StronglyAgree","Disagree","Agree"
"1410","Disagree","StronglyAgree","StronglyDisagree","StronglyAgree"
"1411","StronglyAgree","Disagree","Agree","Disagree"
"1412","Agree","Agree","Agree","Agree"
"1413","Agree","Agree","Disagree","StronglyAgree"
"1414","Disagree","Disagree","Agree","StronglyAgree"
"1415","Agree","Agree","StronglyDisagree","StronglyAgree"
"1416","Disagree","Agree","StronglyDisagree","StronglyAgree"
"1417","Disagree","Disagree","Disagree","Agree"
"1418","Disagree","Agree","Disagree","StronglyAgree"
"1419","Agree","Agree","Disagree","StronglyAgree"
"1420","Agree","Agree","StronglyDisagree","StronglyAgree"
"1422","Agree","StronglyDisagree","StronglyAgree","Agree"
"1423","StronglyAgree","Agree","Disagree","Agree"
"1424","Agree","StronglyAgree","StronglyDisagree","StronglyAgree"
"1426","Agree","Agree","Agree","Agree"
"1427","Agree","Disagree","Agree","Agree"
"1428","Agree","StronglyDisagree","Agree","Disagree"
"1429","Agree","StronglyDisagree","StronglyAgree","StronglyAgree"
"1430","StronglyDisagree","Agree","StronglyDisagree","Agree"
"1431","Agree","Disagree","Agree","Agree"
"1432","Disagree","StronglyAgree","StronglyDisagree","StronglyDisagree"
"1433","Agree","Agree","Disagree","Agree"
"1434","Agree","Agree","Agree","Disagree"
"1435","Agree","StronglyAgree","Disagree","StronglyAgree"
"1437","Agree","Agree","StronglyDisagree","StronglyAgree"
"1438","Agree","Agree","Disagree","Agree"
"1439","Disagree","StronglyAgree","StronglyDisagree","StronglyAgree"
"1440","Disagree","Agree","Agree","Agree"
"1442","Disagree","Agree","StronglyAgree","Agree"
"1444","StronglyDisagree","StronglyAgree","Disagree","StronglyAgree"
"1447","Disagree","Agree","Agree","Agree"
"1449","StronglyAgree","StronglyDisagree","StronglyAgree","StronglyDisagree"
"1450","StronglyAgree","StronglyAgree","Agree","StronglyAgree"
"1452","Disagree","Agree","Agree","Agree"
"1453","Agree","Disagree","Agree","Disagree"
"1454","StronglyAgree","StronglyAgree","Disagree","StronglyAgree"
"1455","StronglyAgree","StronglyDisagree","Agree","Disagree"
"1456","Agree","Disagree","StronglyDisagree","Disagree"
"1457","Agree","Disagree","Agree","StronglyDisagree"
"1458","StronglyAgree","Disagree","StronglyDisagree","Agree"
"1459","Disagree","Disagree","Agree","Agree"
"1460","Agree","Disagree","Agree","Disagree"
"1461","StronglyDisagree","StronglyAgree","StronglyDisagree","StronglyAgree"
"1462","Agree","Disagree","Agree","Agree"
"1463","Agree","Disagree","Agree","Disagree"
"1464","Agree","Agree","Disagree","Agree"
"1465","Agree","Disagree","Agree","Disagree"
"1466","Disagree","Disagree","Disagree","Agree"
"1468","Disagree","Agree","Disagree","Agree"
"1469","Agree","Disagree","Agree","Agree"
"1471","Disagree","StronglyAgree","Disagree","StronglyAgree"
"1472","Agree","Disagree","Agree","Agree"
"1474","Agree","Disagree","Agree","Agree"
"1475","Agree","Disagree","StronglyDisagree","Disagree"
"1476","StronglyAgree","StronglyDisagree","StronglyAgree","StronglyDisagree"
"1478","Disagree","Agree","Agree","Agree"
"1479","Disagree","StronglyAgree","StronglyDisagree","StronglyAgree"
"1480","Agree","StronglyAgree","StronglyDisagree","StronglyAgree"
"1482","Agree","Agree","Agree","StronglyAgree"
"1483","Agree","Disagree","Agree","Agree"
"1484","Agree","Agree","Disagree","StronglyAgree"
"1485","StronglyDisagree","Agree","Disagree","Agree"
"1487","Agree","Agree","Disagree","StronglyAgree"
"1488","Disagree","Disagree","Agree","Agree"
"1489","Agree","Agree","Agree","Agree"
"1491","StronglyDisagree","StronglyAgree","Disagree","Agree"
"1492","Agree","Agree","Agree","Agree"
"1493","Disagree","StronglyDisagree","StronglyDisagree","StronglyAgree"
"1494","Agree","Agree","Disagree","Agree"
"1497","Disagree","Agree","Disagree","Agree"
"1498","Agree","Agree","StronglyAgree","Agree"
"1499","Disagree","Agree","StronglyDisagree","StronglyAgree"
"1501","Agree","Disagree","Disagree","Agree"
"1502","Disagree","Agree","Agree","Agree"
"1505","Disagree","Disagree","Disagree","Disagree"
"1506","Disagree","Agree","Agree","Agree"
"1508","Agree","Agree","Disagree","Agree"
"1509","Disagree","Agree","StronglyDisagree","StronglyAgree"
"1511","Agree","Disagree","Agree","StronglyAgree"
"1512","StronglyAgree","Agree","StronglyDisagree","StronglyAgree"
"1513","StronglyAgree","Agree","Disagree","StronglyAgree"
"1514","Agree","StronglyAgree","StronglyDisagree","Agree"
"1515","StronglyAgree","Disagree","Agree","Disagree"
"1516","Agree","Agree","Disagree","Agree"
"1517","Agree","Disagree","Agree","Disagree"
"1518","Agree","StronglyAgree","Disagree","StronglyAgree"
"1519","Agree","Disagree","StronglyAgree","Disagree"
"1520","Disagree","Agree","Disagree","Agree"
"1521","Disagree","StronglyDisagree","StronglyDisagree","StronglyAgree"
"1522","Agree","Agree","StronglyAgree","StronglyAgree"
"1523","Disagree","Agree","StronglyDisagree","Agree"
"1524","Agree","Disagree","Disagree","StronglyAgree"
"1525","Disagree","Agree","Disagree","StronglyAgree"
"1526","StronglyDisagree","StronglyAgree","StronglyDisagree","Agree"
"1527","Disagree","Disagree","Agree","Disagree"
"1528","Agree","Disagree","Disagree","Disagree"
"1530","Agree","StronglyAgree","StronglyDisagree","StronglyAgree"
"1531","Agree","Agree","Agree","Agree"
"1532","Disagree","Agree","Agree","Disagree"
"1533","StronglyAgree","Agree","Disagree","StronglyDisagree"
"1534","Agree","Agree","StronglyDisagree","StronglyAgree"
"1535","Agree","Disagree","Disagree","StronglyAgree"
"1538","Disagree","StronglyAgree","StronglyDisagree","StronglyAgree"
"1539","Agree","Agree","Agree","Agree"
"1540","Disagree","Agree","Agree","StronglyAgree"
"1541","Agree","Agree","StronglyAgree","Agree"
"1542","Disagree","Agree","Disagree","Agree"
"1543","Agree","StronglyDisagree","Agree","Agree"
"1544","StronglyDisagree","Disagree","Agree","Agree"
"1545","Disagree","StronglyAgree","StronglyDisagree","Agree"
"1546","StronglyAgree","StronglyAgree","StronglyAgree","StronglyAgree"
"1548","Agree","Agree","Disagree","Agree"
"1549","Agree","Agree","Agree","Agree"
"1550","Agree","Disagree","Disagree","Agree"
"1551","Disagree","Agree","Agree","Agree"
"1552","Agree","Agree","Disagree","StronglyAgree"
"1553","StronglyAgree","StronglyDisagree","Disagree","Agree"
"1554","Agree","StronglyDisagree","Agree","Agree"
"1555","Agree","Agree","Disagree","Agree"
"1556","Agree","StronglyDisagree","StronglyAgree","Disagree"
"1557","StronglyAgree","StronglyDisagree","StronglyAgree","StronglyDisagree"
"1558","Agree","Agree","StronglyDisagree","Agree"
"1559","StronglyAgree","StronglyDisagree","StronglyDisagree","StronglyDisagree"
"1561","StronglyDisagree","StronglyAgree","StronglyDisagree","StronglyAgree"
"1564","Disagree","StronglyAgree","StronglyDisagree","StronglyAgree"
"1565","Agree","StronglyAgree","Disagree","StronglyAgree"
"1566","Agree","StronglyAgree","Disagree","StronglyAgree"
"1567","Disagree","StronglyDisagree","StronglyDisagree","StronglyDisagree"
"1568","Agree","Disagree","Agree","Disagree"
"1569","Agree","Disagree","Disagree","Agree"
"1570","Agree","Agree","Disagree","Disagree"
"1571","Agree","Disagree","Agree","Disagree"
"1573","Disagree","Agree","Agree","Disagree"
"1574","Agree","StronglyDisagree","StronglyDisagree","StronglyAgree"
"1576","Disagree","Disagree","Disagree","StronglyAgree"
"1577","Agree","StronglyAgree","StronglyDisagree","StronglyAgree"
"1578","Disagree","Agree","Agree","Agree"
"1579","Disagree","Disagree","Agree","Agree"
"1580","Disagree","Agree","Agree","Agree"
"1581","Agree","Disagree","Agree","StronglyDisagree"
"1582","StronglyAgree","StronglyAgree","Disagree","StronglyAgree"
"1583","Agree","Agree","Disagree","Agree"
"1584","StronglyDisagree","StronglyAgree","Agree","Agree"
"1585","Agree","StronglyDisagree","Agree","Disagree"
"1586","Agree","Agree","Agree","StronglyAgree"
"1587","Agree","Agree","Disagree","StronglyAgree"
"1588","Agree","Agree","Agree","Agree"
"1589","Disagree","Agree","Disagree","Agree"
"1590","Agree","Disagree","Disagree","Agree"
"1592","Agree","Disagree","Agree","Agree"
"1593","Agree","Agree","Disagree","StronglyAgree"
"1594","Agree","StronglyDisagree","Disagree","Disagree"
"1595","Disagree","StronglyAgree","StronglyDisagree","Agree"
"1596","Disagree","Agree","StronglyDisagree","Agree"
"1597","StronglyDisagree","StronglyDisagree","Agree","Agree"
"1601","Agree","Disagree","Agree","Agree"
"1602","Disagree","Disagree","Agree","Agree"
"1603","Agree","StronglyDisagree","StronglyAgree","Disagree"
"1604","Agree","Disagree","Agree","Agree"
"1605","StronglyDisagree","StronglyAgree","StronglyDisagree","StronglyAgree"
"1606","Agree","Agree","Agree","StronglyAgree"
"1607","Disagree","Disagree","Disagree","StronglyAgree"
"1608","Agree","Agree","Disagree","Agree"
"1610","Disagree","Agree","Agree","Disagree"
"1611","StronglyAgree","Agree","Disagree","StronglyAgree"
"1612","Agree","StronglyAgree","Agree","Agree"
"1613","Agree","Disagree","Agree","StronglyAgree"
"1614","Agree","Agree","Disagree","Agree"
"1616","Agree","StronglyAgree","StronglyDisagree","StronglyAgree"
"1617","Agree","Agree","Disagree","Agree"
"1618","Agree","Agree","Disagree","Agree"
"1619","Agree","Disagree","Disagree","Agree"
"1620","Disagree","Disagree","Agree","Agree"
"1621","StronglyAgree","StronglyDisagree","Agree","Agree"
"1622","Agree","Agree","Agree","Disagree"
"1623","Disagree","Disagree","Agree","Agree"
"1624","Disagree","Disagree","Disagree","Disagree"
"1625","StronglyAgree","Disagree","Agree","StronglyDisagree"
"1626","Agree","Agree","Disagree","StronglyAgree"
"1627","StronglyAgree","Disagree","Disagree","Disagree"
"1628","StronglyAgree","Disagree","StronglyAgree","Agree"
"1629","Agree","Disagree","Agree","Disagree"
"1631","Disagree","Agree","StronglyDisagree","Agree"
"1632","StronglyDisagree","Agree","StronglyAgree","StronglyAgree"
"1633","StronglyAgree","StronglyDisagree","Agree","Disagree"
"1636","Disagree","Agree","Disagree","Disagree"
"1637","Disagree","StronglyAgree","StronglyDisagree","StronglyAgree"
"1638","Disagree","Agree","Disagree","Agree"
"1639","Agree","Disagree","Agree","Disagree"
"1640","Agree","Agree","Disagree","Agree"
"1641","StronglyAgree","Disagree","Agree","Disagree"
"1642","StronglyAgree","Disagree","Agree","StronglyAgree"
"1643","Disagree","StronglyAgree","StronglyAgree","StronglyAgree"
"1644","Agree","Disagree","Agree","Agree"
"1645","Agree","StronglyAgree","StronglyDisagree","StronglyAgree"
"1647","Disagree","Disagree","Agree","Disagree"
"1648","Agree","Disagree","Agree","Agree"
"1649","Agree","Disagree","Disagree","Agree"
"1650","StronglyAgree","Agree","StronglyAgree","Disagree"
"1651","Agree","StronglyAgree","StronglyDisagree","StronglyAgree"
"1653","Agree","StronglyDisagree","Agree","Disagree"
"1654","Disagree","Agree","Agree","StronglyAgree"
"1655","Disagree","Agree","Disagree","Agree"
"1656","Agree","StronglyAgree","Agree","Agree"
"1658","StronglyDisagree","StronglyAgree","StronglyDisagree","StronglyAgree"
"1659","Agree","StronglyAgree","Disagree","StronglyAgree"
"1660","Agree","Agree","Disagree","Agree"
"1661","Disagree","Agree","Disagree","Agree"
"1664","Agree","StronglyDisagree","Agree","Disagree"
"1666","Agree","Disagree","Agree","Agree"
"1667","Agree","Disagree","Agree","Agree"
"1668","Agree","Disagree","Agree","Disagree"
"1669","Disagree","Agree","Disagree","Agree"
"1670","Agree","StronglyDisagree","Disagree","Agree"
"1671","StronglyAgree","StronglyDisagree","StronglyAgree","Disagree"
"1672","Disagree","StronglyAgree","Disagree","StronglyAgree"
"1673","Agree","Agree","Disagree","Agree"
"1675","Disagree","Agree","StronglyDisagree","StronglyDisagree"
"1676","StronglyAgree","StronglyDisagree","StronglyDisagree","StronglyAgree"
"1677","Agree","Disagree","Disagree","Agree"
"1678","StronglyDisagree","Agree","Agree","Agree"
"1679","Agree","Agree","Agree","StronglyAgree"
"1680","Disagree","Agree","Agree","Agree"
"1681","StronglyAgree","StronglyDisagree","Agree","StronglyDisagree"
"1682","Agree","Agree","Agree","Agree"
"1683","Disagree","Agree","Disagree","StronglyAgree"
"1684","Disagree","Disagree","Disagree","Agree"
"1685","Agree","StronglyDisagree","Disagree","Disagree"
"1686","Agree","Disagree","Agree","Disagree"
"1687","Disagree","Agree","Agree","StronglyDisagree"
"1688","StronglyAgree","StronglyDisagree","Disagree","Disagree"
"1689","Agree","StronglyDisagree","Disagree","StronglyDisagree"
"1691","Disagree","Agree","Disagree","Agree"
"1692","Agree","Agree","Disagree","Agree"
"1693","Agree","Agree","Disagree","Disagree"
"1694","StronglyAgree","StronglyDisagree","Agree","StronglyDisagree"
"1695","Disagree","Disagree","Disagree","Agree"
"1696","StronglyDisagree","StronglyAgree","StronglyAgree","StronglyDisagree"
"1697","StronglyDisagree","Agree","Agree","Agree"
"1698","Agree","Agree","Disagree","Agree"
"1699","StronglyDisagree","StronglyAgree","StronglyDisagree","StronglyAgree"
"1700","Disagree","StronglyAgree","Disagree","StronglyAgree"
"1701","Agree","Disagree","Disagree","Disagree"
"1703","Agree","Agree","Agree","Agree"
"1704","Disagree","Disagree","Agree","Disagree"
"1705","Disagree","Agree","Agree","Disagree"
"1706","Disagree","StronglyDisagree","StronglyDisagree","StronglyAgree"
"1707","Disagree","StronglyAgree","StronglyDisagree","StronglyAgree"
"1708","StronglyDisagree","StronglyAgree","StronglyDisagree","StronglyAgree"
"1709","Agree","Disagree","Disagree","Agree"
"1710","Agree","Disagree","Disagree","Disagree"
"1711","Agree","Disagree","Agree","Agree"
"1712","StronglyAgree","StronglyAgree","StronglyAgree","StronglyAgree"
"1713","Agree","Disagree","StronglyAgree","Disagree"
"1714","Agree","Agree","Disagree","Agree"
"1715","Agree","Disagree","Agree","StronglyDisagree"
"1716","Disagree","Agree","Disagree","Agree"
"1717","Agree","Agree","Disagree","StronglyAgree"
"1718","StronglyAgree","StronglyAgree","StronglyDisagree","StronglyAgree"
"1719","Agree","Agree","Disagree","Agree"
"1720","Agree","StronglyAgree","StronglyDisagree","StronglyAgree"
"1721","Agree","Disagree","Agree","Agree"
"1723","StronglyDisagree","Agree","Agree","Disagree"
"1724","Agree","Agree","Agree","StronglyAgree"
"1725","StronglyAgree","StronglyAgree","StronglyDisagree","StronglyAgree"
"1726","Agree","Agree","Disagree","StronglyAgree"
"1727","Agree","StronglyAgree","Agree","StronglyDisagree"
"1728","StronglyAgree","StronglyDisagree","Disagree","Disagree"
"1729","Disagree","Agree","Disagree","Disagree"
"1731","Agree","Disagree","Agree","Disagree"
"1732","Agree","StronglyDisagree","Disagree","Disagree"
"1734","Disagree","Disagree","Disagree","StronglyAgree"
"1735","Disagree","Disagree","Agree","Agree"
"1737","Agree","Disagree","Agree","Agree"
"1738","StronglyAgree","StronglyDisagree","Agree","Disagree"
"1739","Agree","Agree","StronglyDisagree","StronglyAgree"
"1741","StronglyAgree","Disagree","StronglyAgree","Agree"
"1742","StronglyAgree","StronglyAgree","Disagree","StronglyAgree"
"1743","Agree","StronglyDisagree","Disagree","Disagree"
"1744","Agree","StronglyAgree","Disagree","StronglyAgree"
"1745","Disagree","Agree","Disagree","Agree"
"1747","Agree","StronglyDisagree","Agree","StronglyDisagree"
"1748","Agree","Agree","Disagree","Agree"
"1750","StronglyDisagree","StronglyAgree","StronglyDisagree","Agree"
"1751","StronglyAgree","Agree","Agree","StronglyAgree"
"1752","Agree","Disagree","StronglyDisagree","Agree"
"1753","Disagree","Disagree","Disagree","Agree"
"1754","Agree","Disagree","Disagree","Disagree"
"1755","StronglyAgree","StronglyDisagree","Agree","StronglyDisagree"
"1756","Agree","Disagree","Disagree","Disagree"
"1757","Agree","Disagree","Agree","Agree"
"1758","Disagree","Agree","Disagree","Agree"
"1759","Disagree","StronglyAgree","Disagree","Agree"
"1761","StronglyAgree","StronglyAgree","StronglyDisagree","Agree"
"1763","Disagree","Agree","Agree","Agree"
"1764","Agree","Agree","Agree","StronglyAgree"
"1765","StronglyDisagree","Agree","Agree","Agree"
"1766","StronglyAgree","StronglyDisagree","StronglyAgree","Disagree"
"1767","StronglyAgree","Disagree","Agree","Disagree"
"1768","Disagree","Agree","Disagree","Agree"
"1769","StronglyAgree","Disagree","Agree","StronglyAgree"
"1770","Agree","Disagree","Agree","Agree"
"1771","Agree","Disagree","Disagree","Disagree"
"1772","Agree","Disagree","Agree","Agree"
"1773","Agree","Disagree","Disagree","Agree"
"1774","Agree","Agree","Disagree","Agree"
"1775","Agree","Agree","Agree","Disagree"
"1776","StronglyDisagree","Agree","Disagree","StronglyAgree"
"1777","StronglyAgree","StronglyDisagree","StronglyAgree","Disagree"
"1778","Agree","StronglyAgree","StronglyDisagree","StronglyAgree"
"1779","Agree","Agree","Disagree","Agree"
"1780","Agree","StronglyDisagree","Agree","StronglyDisagree"
"1781","Agree","StronglyAgree","StronglyDisagree","StronglyAgree"
"1782","Agree","Agree","Agree","Agree"
"1783","Agree","StronglyAgree","StronglyAgree","StronglyAgree"
"1785","Agree","Agree","Agree","Agree"
"1786","Agree","Agree","Agree","StronglyAgree"
"1787","Agree","Disagree","Disagree","Disagree"
"1788","Agree","Disagree","Disagree","Disagree"
"1789","Agree","Disagree","Agree","Disagree"
"1790","Disagree","Agree","StronglyDisagree","StronglyAgree"
"1791","Agree","Agree","Disagree","Agree"
"1794","StronglyDisagree","StronglyAgree","Disagree","StronglyAgree"
"1795","Agree","StronglyAgree","StronglyDisagree","StronglyAgree"
"1796","Agree","Agree","Disagree","Agree"
"1797","Agree","Disagree","Disagree","Disagree"
"1798","StronglyAgree","Disagree","Agree","Disagree"
"1799","Agree","Agree","Agree","Agree"
"1800","Agree","StronglyAgree","StronglyDisagree","StronglyAgree"
"1801","Disagree","StronglyAgree","StronglyDisagree","StronglyAgree"
"1802","Agree","StronglyDisagree","Agree","Disagree"
"1803","Agree","Disagree","Disagree","Agree"
"1805","Agree","Disagree","Agree","Agree"
"1806","Agree","Disagree","Disagree","Agree"
"1807","Disagree","StronglyDisagree","Disagree","Disagree"
"1808","Agree","Disagree","Agree","Agree"
"1809","Agree","Disagree","Disagree","Disagree"
"1810","Agree","Disagree","Agree","Agree"
"1811","StronglyDisagree","StronglyAgree","StronglyDisagree","StronglyAgree"
"1813","Disagree","Agree","Disagree","StronglyAgree"
"1814","Agree","Disagree","Agree","Disagree"
"1815","Disagree","StronglyAgree","StronglyDisagree","StronglyAgree"
"1816","Agree","Disagree","Agree","Agree"
"1818","Agree","StronglyAgree","StronglyDisagree","StronglyAgree"
"1819","StronglyAgree","Disagree","Disagree","Agree"
"1820","StronglyAgree","Agree","Disagree","Agree"
"1821","Agree","Agree","Agree","Agree"
"1822","Agree","Agree","Agree","StronglyAgree"
"1823","StronglyAgree","Agree","Agree","Agree"
"1824","Agree","Agree","Disagree","Agree"
"1825","StronglyDisagree","StronglyDisagree","StronglyAgree","Disagree"
"1826","Agree","StronglyAgree","StronglyAgree","StronglyAgree"
"1827","StronglyAgree","StronglyDisagree","StronglyAgree","Agree"
"1828","Agree","StronglyAgree","Disagree","StronglyAgree"
"1830","Agree","Disagree","Agree","Disagree"
"1831","Agree","Disagree","Disagree","Agree"
"1832","Agree","Disagree","Disagree","Agree"
"1834","Disagree","Agree","Disagree","StronglyAgree"
"1835","Agree","Disagree","Disagree","Disagree"
"1836","Agree","Disagree","Disagree","Disagree"
"1837","Disagree","StronglyAgree","StronglyDisagree","StronglyAgree"
"1838","Agree","Disagree","StronglyDisagree","StronglyAgree"
"1839","Agree","Disagree","Agree","Disagree"
"1840","Agree","Disagree","Agree","Disagree"
"1841","Agree","Agree","Agree","Agree"
"1842","Disagree","Disagree","Disagree","Agree"
"1844","Disagree","Agree","Disagree","Agree"
"1845","StronglyDisagree","StronglyDisagree","StronglyDisagree","Agree"
"1846","StronglyAgree","Disagree","Agree","Disagree"
"1847","Agree","Agree","Disagree","Agree"
"1849","Agree","Disagree","Disagree","Agree"
"1850","StronglyAgree","Agree","Disagree","StronglyAgree"
"1851","Disagree","StronglyAgree","StronglyDisagree","StronglyAgree"
