"","ID","Age","OME","Loud","Noise","Correct","Trials"
"1",1,30,"low",35,"coherent",1,4
"2",1,30,"low",35,"incoherent",4,5
"3",1,30,"low",40,"coherent",0,3
"4",1,30,"low",40,"incoherent",1,1
"5",1,30,"low",45,"coherent",2,4
"6",1,30,"low",45,"incoherent",2,2
"7",1,30,"low",50,"coherent",3,3
"8",1,30,"low",50,"incoherent",4,4
"9",1,30,"low",55,"coherent",3,3
"10",1,30,"low",55,"incoherent",2,2
"11",1,60,"low",35,"coherent",2,4
"12",1,60,"low",35,"incoherent",3,4
"13",1,60,"low",40,"coherent",1,4
"14",1,60,"low",40,"incoherent",1,1
"15",1,60,"low",45,"coherent",1,2
"16",1,60,"low",45,"incoherent",5,5
"17",1,60,"low",50,"coherent",4,4
"18",1,60,"low",50,"incoherent",2,2
"19",1,60,"low",55,"coherent",3,3
"20",1,60,"low",55,"incoherent",4,4
"21",3,60,"low",35,"coherent",4,6
"22",3,60,"low",35,"incoherent",4,6
"23",3,60,"low",40,"coherent",4,10
"24",3,60,"low",40,"incoherent",5,5
"25",3,60,"low",45,"coherent",5,6
"26",3,60,"low",45,"incoherent",6,6
"27",3,60,"low",50,"coherent",9,10
"28",3,60,"low",50,"incoherent",8,8
"29",3,60,"low",55,"coherent",6,6
"30",3,60,"low",55,"incoherent",5,6
"31",4,60,"high",35,"coherent",2,5
"32",4,60,"high",35,"incoherent",3,6
"33",4,60,"high",40,"coherent",2,6
"34",4,60,"high",40,"incoherent",7,7
"35",4,60,"high",45,"coherent",2,4
"36",4,60,"high",45,"incoherent",7,7
"37",4,60,"high",50,"coherent",7,8
"38",4,60,"high",50,"incoherent",7,7
"39",4,60,"high",55,"coherent",4,4
"40",4,60,"high",55,"incoherent",4,4
"41",5,30,"low",35,"coherent",1,3
"42",5,30,"low",35,"incoherent",2,4
"43",5,30,"low",40,"coherent",2,3
"44",5,30,"low",40,"incoherent",3,3
"45",5,30,"low",45,"coherent",3,6
"46",5,30,"low",45,"incoherent",5,5
"47",5,30,"low",50,"coherent",5,5
"48",5,30,"low",50,"incoherent",3,4
"49",5,30,"low",55,"coherent",5,7
"50",5,30,"low",55,"incoherent",2,2
"51",5,60,"low",35,"coherent",4,11
"52",5,60,"low",35,"incoherent",6,7
"53",5,60,"low",40,"coherent",9,10
"54",5,60,"low",40,"incoherent",8,8
"55",5,60,"low",45,"coherent",5,11
"56",5,60,"low",45,"incoherent",9,9
"57",5,60,"low",50,"coherent",11,11
"58",5,60,"low",50,"incoherent",9,9
"59",5,60,"low",55,"coherent",8,8
"60",5,60,"low",55,"incoherent",4,4
"61",6,60,"low",35,"coherent",7,10
"62",6,60,"low",35,"incoherent",3,7
"63",6,60,"low",40,"coherent",3,6
"64",6,60,"low",40,"incoherent",9,9
"65",6,60,"low",45,"coherent",7,10
"66",6,60,"low",45,"incoherent",9,9
"67",6,60,"low",50,"coherent",12,14
"68",6,60,"low",50,"incoherent",11,11
"69",6,60,"low",55,"coherent",5,6
"70",6,60,"low",55,"incoherent",11,11
"71",8,30,"low",35,"coherent",1,4
"72",8,30,"low",35,"incoherent",1,2
"73",8,30,"low",40,"coherent",3,4
"74",8,30,"low",40,"incoherent",1,1
"75",8,30,"low",45,"coherent",2,2
"76",8,30,"low",45,"incoherent",2,2
"77",8,30,"low",50,"coherent",2,2
"78",8,30,"low",50,"incoherent",3,3
"79",8,30,"low",55,"coherent",3,3
"80",8,30,"low",55,"incoherent",2,3
"81",9,30,"low",35,"coherent",1,3
"82",9,30,"low",35,"incoherent",2,3
"83",9,30,"low",40,"coherent",3,3
"84",9,30,"low",40,"incoherent",2,2
"85",9,30,"low",45,"coherent",1,3
"86",9,30,"low",45,"incoherent",2,2
"87",9,30,"low",50,"coherent",3,3
"88",9,30,"low",50,"incoherent",3,3
"89",9,30,"low",55,"coherent",4,5
"90",9,30,"low",55,"incoherent",2,2
"91",9,60,"low",35,"coherent",3,7
"92",9,60,"low",35,"incoherent",9,10
"93",9,60,"low",40,"coherent",4,8
"94",9,60,"low",40,"incoherent",4,4
"95",9,60,"low",45,"coherent",5,6
"96",9,60,"low",45,"incoherent",5,5
"97",9,60,"low",50,"coherent",7,7
"98",9,60,"low",50,"incoherent",5,5
"99",9,60,"low",55,"coherent",9,9
"100",9,60,"low",55,"incoherent",5,5
"101",10,60,"low",35,"coherent",4,6
"102",10,60,"low",35,"incoherent",5,6
"103",10,60,"low",40,"coherent",1,3
"104",10,60,"low",40,"incoherent",7,7
"105",10,60,"low",45,"coherent",6,11
"106",10,60,"low",45,"incoherent",8,8
"107",10,60,"low",50,"coherent",10,10
"108",10,60,"low",50,"incoherent",10,10
"109",10,60,"low",55,"coherent",5,5
"110",10,60,"low",55,"incoherent",7,7
"111",11,60,"high",35,"coherent",4,7
"112",11,60,"high",35,"incoherent",5,6
"113",11,60,"high",40,"coherent",2,2
"114",11,60,"high",40,"incoherent",6,6
"115",11,60,"high",45,"coherent",2,3
"116",11,60,"high",45,"incoherent",7,7
"117",11,60,"high",50,"coherent",4,4
"118",11,60,"high",50,"incoherent",7,7
"119",11,60,"high",55,"coherent",9,9
"120",11,60,"high",55,"incoherent",4,4
"121",13,30,"high",35,"coherent",1,4
"122",13,30,"high",35,"incoherent",2,4
"123",13,30,"high",40,"coherent",2,4
"124",13,30,"high",40,"incoherent",2,2
"125",13,30,"high",45,"coherent",2,4
"126",13,30,"high",45,"incoherent",4,4
"127",13,30,"high",50,"coherent",2,2
"128",13,30,"high",50,"incoherent",3,3
"129",13,30,"high",55,"coherent",3,3
"130",13,30,"high",55,"incoherent",6,6
"131",13,60,"high",35,"coherent",3,4
"132",13,60,"high",35,"incoherent",3,5
"133",13,60,"high",40,"coherent",3,5
"134",13,60,"high",40,"incoherent",2,3
"135",13,60,"high",45,"coherent",3,4
"136",13,60,"high",45,"incoherent",6,6
"137",13,60,"high",50,"coherent",4,4
"138",13,60,"high",50,"incoherent",5,5
"139",13,60,"high",55,"coherent",3,3
"140",13,60,"high",55,"incoherent",3,3
"141",16,60,"low",35,"coherent",5,9
"142",16,60,"low",35,"incoherent",6,8
"143",16,60,"low",40,"coherent",3,7
"144",16,60,"low",40,"incoherent",7,7
"145",16,60,"low",45,"coherent",7,13
"146",16,60,"low",45,"incoherent",8,8
"147",16,60,"low",50,"coherent",7,8
"148",16,60,"low",50,"incoherent",7,7
"149",16,60,"low",55,"coherent",8,8
"150",16,60,"low",55,"incoherent",8,8
"151",17,30,"low",35,"coherent",1,3
"152",17,30,"low",35,"incoherent",1,1
"153",17,30,"low",40,"coherent",1,2
"154",17,30,"low",40,"incoherent",1,2
"155",17,30,"low",45,"coherent",1,3
"156",17,30,"low",50,"coherent",2,2
"157",17,30,"low",50,"incoherent",1,1
"158",17,30,"low",55,"coherent",1,2
"159",17,30,"low",55,"incoherent",3,3
"160",19,30,"low",35,"coherent",2,3
"161",19,30,"low",35,"incoherent",3,3
"162",19,30,"low",40,"coherent",0,2
"163",19,30,"low",40,"incoherent",2,2
"164",19,30,"low",45,"coherent",0,2
"165",19,30,"low",45,"incoherent",2,2
"166",19,30,"low",50,"coherent",5,5
"167",19,30,"low",50,"incoherent",1,1
"168",19,30,"low",55,"coherent",2,2
"169",19,30,"low",55,"incoherent",2,2
"170",20,30,"low",35,"coherent",1,3
"171",20,30,"low",35,"incoherent",1,2
"172",20,30,"low",40,"coherent",1,4
"173",20,30,"low",40,"incoherent",3,4
"174",20,30,"low",45,"coherent",2,4
"175",20,30,"low",45,"incoherent",3,3
"176",20,30,"low",50,"coherent",4,4
"177",20,30,"low",50,"incoherent",1,2
"178",20,30,"low",55,"coherent",3,3
"179",20,30,"low",55,"incoherent",4,4
"180",21,60,"low",35,"coherent",5,9
"181",21,60,"low",35,"incoherent",2,3
"182",21,60,"low",40,"coherent",2,5
"183",21,60,"low",40,"incoherent",5,5
"184",21,60,"low",45,"coherent",3,8
"185",21,60,"low",45,"incoherent",8,8
"186",21,60,"low",50,"coherent",7,7
"187",21,60,"low",50,"incoherent",4,4
"188",21,60,"low",55,"coherent",3,3
"189",21,60,"low",55,"incoherent",4,4
"190",22,30,"low",35,"coherent",2,4
"191",22,30,"low",35,"incoherent",2,2
"192",22,30,"low",40,"coherent",2,3
"193",22,30,"low",40,"incoherent",5,7
"194",22,30,"low",45,"coherent",2,3
"195",22,30,"low",45,"incoherent",2,2
"196",22,30,"low",50,"coherent",4,4
"197",22,30,"low",50,"incoherent",6,6
"198",22,30,"low",55,"coherent",3,4
"199",22,30,"low",55,"incoherent",1,1
"200",23,30,"low",35,"coherent",1,4
"201",23,30,"low",35,"incoherent",2,4
"202",23,30,"low",40,"coherent",1,3
"203",23,30,"low",40,"incoherent",3,3
"204",23,30,"low",45,"coherent",2,2
"205",23,30,"low",45,"incoherent",6,6
"206",23,30,"low",50,"coherent",5,5
"207",23,30,"low",50,"incoherent",3,3
"208",23,30,"low",55,"coherent",5,5
"209",23,30,"low",55,"incoherent",5,5
"210",24,30,"high",35,"coherent",3,6
"211",24,30,"high",35,"incoherent",5,6
"212",24,30,"high",40,"coherent",2,4
"213",24,30,"high",40,"incoherent",3,3
"214",24,30,"high",45,"coherent",3,5
"215",24,30,"high",45,"incoherent",3,3
"216",24,30,"high",50,"coherent",6,6
"217",24,30,"high",50,"incoherent",6,6
"218",24,30,"high",55,"coherent",5,5
"219",24,30,"high",55,"incoherent",3,3
"220",24,60,"high",35,"coherent",4,5
"221",24,60,"high",35,"incoherent",4,6
"222",24,60,"high",40,"coherent",7,7
"223",24,60,"high",40,"incoherent",6,6
"224",24,60,"high",45,"coherent",7,8
"225",24,60,"high",45,"incoherent",9,10
"226",24,60,"high",50,"coherent",6,7
"227",24,60,"high",50,"incoherent",6,6
"228",24,60,"high",55,"coherent",8,8
"229",24,60,"high",55,"incoherent",5,5
"230",27,30,"low",35,"coherent",0,2
"231",27,30,"low",35,"incoherent",0,3
"232",27,30,"low",40,"coherent",1,1
"233",27,30,"low",40,"incoherent",1,1
"234",27,30,"low",45,"coherent",0,2
"235",27,30,"low",45,"incoherent",4,4
"236",27,30,"low",50,"coherent",2,2
"237",27,30,"low",50,"incoherent",2,2
"238",27,30,"low",55,"coherent",5,5
"239",29,30,"low",35,"coherent",2,4
"240",29,30,"low",35,"incoherent",1,3
"241",29,30,"low",40,"coherent",0,3
"242",29,30,"low",40,"incoherent",1,3
"243",29,30,"low",45,"coherent",1,5
"244",29,30,"low",45,"incoherent",4,4
"245",29,30,"low",50,"coherent",7,7
"246",29,30,"low",50,"incoherent",4,4
"247",29,30,"low",55,"coherent",1,1
"248",29,30,"low",55,"incoherent",2,2
"249",29,60,"low",35,"coherent",3,4
"250",29,60,"low",35,"incoherent",2,2
"251",29,60,"low",40,"coherent",3,7
"252",29,60,"low",40,"incoherent",9,9
"253",29,60,"low",45,"coherent",3,4
"254",29,60,"low",45,"incoherent",3,3
"255",29,60,"low",50,"coherent",6,6
"256",29,60,"low",50,"incoherent",5,5
"257",29,60,"low",55,"coherent",10,10
"258",29,60,"low",55,"incoherent",5,5
"259",30,60,"high",35,"coherent",2,5
"260",30,60,"high",35,"incoherent",2,5
"261",30,60,"high",40,"coherent",4,5
"262",30,60,"high",40,"incoherent",2,2
"263",30,60,"high",45,"coherent",3,4
"264",30,60,"high",45,"incoherent",5,5
"265",30,60,"high",50,"coherent",7,7
"266",30,60,"high",50,"incoherent",5,5
"267",30,60,"high",55,"coherent",6,6
"268",30,60,"high",55,"incoherent",5,5
"269",31,30,"high",35,"coherent",0,2
"270",31,30,"high",35,"incoherent",2,2
"271",31,30,"high",40,"coherent",2,4
"272",31,30,"high",40,"incoherent",2,2
"273",31,30,"high",45,"coherent",2,5
"274",31,30,"high",45,"incoherent",5,5
"275",31,30,"high",50,"coherent",2,2
"276",31,30,"high",50,"incoherent",3,3
"277",31,30,"high",55,"coherent",2,2
"278",31,30,"high",55,"incoherent",0,1
"279",31,60,"high",35,"coherent",7,11
"280",31,60,"high",35,"incoherent",9,10
"281",31,60,"high",40,"coherent",8,11
"282",31,60,"high",40,"incoherent",10,11
"283",31,60,"high",45,"coherent",6,12
"284",31,60,"high",45,"incoherent",9,9
"285",31,60,"high",50,"coherent",9,9
"286",31,60,"high",50,"incoherent",10,10
"287",31,60,"high",55,"coherent",13,13
"288",31,60,"high",55,"incoherent",10,10
"289",32,30,"high",35,"coherent",2,5
"290",32,30,"high",35,"incoherent",2,2
"291",32,30,"high",40,"coherent",1,3
"292",32,30,"high",40,"incoherent",1,1
"293",32,30,"high",45,"coherent",2,3
"294",32,30,"high",45,"incoherent",5,5
"295",32,30,"high",50,"coherent",5,5
"296",32,30,"high",50,"incoherent",3,3
"297",32,30,"high",55,"coherent",2,2
"298",32,30,"high",55,"incoherent",1,1
"299",33,30,"low",35,"coherent",1,4
"300",33,30,"low",35,"incoherent",1,3
"301",33,30,"low",45,"coherent",1,1
"302",33,30,"low",45,"incoherent",2,2
"303",33,30,"low",50,"coherent",2,2
"304",33,30,"low",50,"incoherent",1,1
"305",33,30,"low",55,"coherent",3,3
"306",33,30,"low",55,"incoherent",3,3
"307",33,60,"low",35,"coherent",4,13
"308",33,60,"low",35,"incoherent",4,10
"309",33,60,"low",40,"coherent",1,2
"310",33,60,"low",40,"incoherent",5,5
"311",33,60,"low",45,"coherent",7,10
"312",33,60,"low",45,"incoherent",7,7
"313",33,60,"low",50,"coherent",8,8
"314",33,60,"low",50,"incoherent",6,6
"315",33,60,"low",55,"coherent",11,14
"316",33,60,"low",55,"incoherent",9,9
"317",34,30,"low",35,"coherent",0,5
"318",34,30,"low",35,"incoherent",3,4
"319",34,30,"low",40,"coherent",2,4
"320",34,30,"low",40,"incoherent",2,5
"321",34,30,"low",45,"coherent",2,4
"322",34,30,"low",45,"incoherent",3,3
"323",34,30,"low",50,"coherent",3,5
"324",34,30,"low",50,"incoherent",7,7
"325",34,30,"low",55,"coherent",6,6
"326",34,30,"low",55,"incoherent",5,5
"327",35,30,"low",35,"coherent",1,2
"328",35,30,"low",35,"incoherent",2,3
"329",35,30,"low",40,"coherent",2,4
"330",35,30,"low",40,"incoherent",6,6
"331",35,30,"low",45,"coherent",1,2
"332",35,30,"low",45,"incoherent",3,3
"333",35,30,"low",50,"coherent",3,3
"334",35,30,"low",50,"incoherent",2,2
"335",35,30,"low",55,"coherent",6,6
"336",35,30,"low",55,"incoherent",3,3
"337",36,30,"low",35,"coherent",1,5
"338",36,30,"low",35,"incoherent",3,3
"339",36,30,"low",40,"coherent",1,2
"340",36,30,"low",40,"incoherent",4,4
"341",36,30,"low",45,"coherent",1,4
"342",36,30,"low",45,"incoherent",5,5
"343",36,30,"low",50,"coherent",2,2
"344",36,30,"low",50,"incoherent",1,1
"345",36,30,"low",55,"coherent",3,3
"346",36,30,"low",55,"incoherent",3,3
"347",37,30,"low",35,"coherent",1,4
"348",37,30,"low",35,"incoherent",4,7
"349",37,30,"low",40,"coherent",4,7
"350",37,30,"low",40,"incoherent",3,3
"351",37,30,"low",45,"coherent",1,4
"352",37,30,"low",45,"incoherent",8,8
"353",37,30,"low",50,"coherent",5,5
"354",37,30,"low",50,"incoherent",4,4
"355",37,30,"low",55,"coherent",6,6
"356",37,30,"low",55,"incoherent",3,3
"357",39,30,"low",35,"coherent",1,2
"358",39,30,"low",35,"incoherent",0,1
"359",39,30,"low",40,"coherent",1,3
"360",39,30,"low",40,"incoherent",3,4
"361",39,30,"low",45,"coherent",1,3
"362",39,30,"low",45,"incoherent",2,2
"363",39,30,"low",50,"coherent",4,4
"364",39,30,"low",50,"incoherent",3,3
"365",39,30,"low",55,"coherent",1,1
"366",39,30,"low",55,"incoherent",1,1
"367",40,30,"low",35,"coherent",2,2
"368",40,30,"low",35,"incoherent",2,3
"369",40,30,"low",40,"coherent",4,7
"370",40,30,"low",40,"incoherent",5,6
"371",40,30,"low",45,"coherent",1,3
"372",40,30,"low",45,"incoherent",6,6
"373",40,30,"low",50,"coherent",4,4
"374",40,30,"low",50,"incoherent",7,7
"375",40,30,"low",55,"coherent",4,4
"376",40,30,"low",55,"incoherent",3,3
"377",42,30,"low",35,"coherent",0,1
"378",42,30,"low",35,"incoherent",0,2
"379",42,30,"low",40,"coherent",2,4
"380",42,30,"low",40,"incoherent",1,1
"381",42,30,"low",45,"coherent",2,3
"382",42,30,"low",45,"incoherent",1,2
"383",42,30,"low",50,"coherent",3,3
"384",42,30,"low",50,"incoherent",3,4
"385",42,30,"low",55,"coherent",2,2
"386",42,30,"low",55,"incoherent",2,3
"387",43,30,"low",35,"coherent",3,4
"388",43,30,"low",35,"incoherent",1,1
"389",43,30,"low",40,"coherent",3,4
"390",43,30,"low",40,"incoherent",3,4
"391",43,30,"low",45,"coherent",3,4
"392",43,30,"low",45,"incoherent",4,4
"393",43,30,"low",50,"coherent",6,6
"394",43,30,"low",50,"incoherent",4,4
"395",43,30,"low",55,"coherent",1,1
"396",43,30,"low",55,"incoherent",1,1
"397",44,30,"low",35,"coherent",2,4
"398",44,30,"low",35,"incoherent",1,3
"399",44,30,"low",40,"coherent",0,3
"400",44,30,"low",40,"incoherent",2,2
"401",44,30,"low",45,"coherent",1,4
"402",44,30,"low",45,"incoherent",1,1
"403",44,30,"low",50,"coherent",4,4
"404",44,30,"low",50,"incoherent",6,6
"405",44,30,"low",55,"coherent",3,3
"406",44,30,"low",55,"incoherent",3,3
"407",46,30,"low",35,"coherent",1,2
"408",46,30,"low",35,"incoherent",1,2
"409",46,30,"low",40,"coherent",1,3
"410",46,30,"low",40,"incoherent",2,4
"411",46,30,"low",45,"coherent",2,3
"412",46,30,"low",45,"incoherent",0,1
"413",46,30,"low",50,"coherent",3,3
"414",46,30,"low",50,"incoherent",3,3
"415",46,30,"low",55,"coherent",5,5
"416",46,30,"low",55,"incoherent",3,4
"417",48,30,"high",35,"coherent",1,4
"418",48,30,"high",35,"incoherent",1,3
"419",48,30,"high",40,"coherent",4,4
"420",48,30,"high",40,"incoherent",1,2
"421",48,30,"high",45,"coherent",0,3
"422",48,30,"high",45,"incoherent",6,6
"423",48,30,"high",50,"coherent",0,1
"424",48,30,"high",50,"incoherent",2,2
"425",48,30,"high",55,"coherent",4,4
"426",48,30,"high",55,"incoherent",3,3
"427",49,30,"high",35,"coherent",2,2
"428",49,30,"high",35,"incoherent",2,2
"429",49,30,"high",40,"coherent",1,3
"430",49,30,"high",40,"incoherent",3,3
"431",49,30,"high",45,"coherent",2,5
"432",49,30,"high",45,"incoherent",2,2
"433",49,30,"high",50,"coherent",1,2
"434",49,30,"high",50,"incoherent",3,3
"435",49,30,"high",55,"coherent",3,3
"436",49,30,"high",55,"incoherent",1,1
"437",50,18,"N/A",35,"coherent",4,8
"438",50,30,"low",35,"coherent",2,5
"439",50,18,"N/A",35,"incoherent",3,4
"440",50,30,"low",35,"incoherent",2,3
"441",50,18,"N/A",40,"coherent",5,7
"442",50,30,"low",40,"coherent",4,6
"443",50,18,"N/A",40,"incoherent",3,3
"444",50,30,"low",40,"incoherent",2,2
"445",50,18,"N/A",45,"coherent",5,7
"446",50,30,"low",45,"coherent",3,4
"447",50,18,"N/A",45,"incoherent",5,6
"448",50,30,"low",45,"incoherent",3,4
"449",50,18,"N/A",50,"coherent",8,8
"450",50,30,"low",50,"coherent",6,6
"451",50,18,"N/A",50,"incoherent",4,4
"452",50,30,"low",50,"incoherent",4,4
"453",50,18,"N/A",55,"coherent",3,3
"454",50,30,"low",55,"coherent",1,1
"455",50,18,"N/A",55,"incoherent",6,6
"456",50,30,"low",55,"incoherent",4,4
"457",51,30,"low",35,"coherent",1,2
"458",51,30,"low",35,"incoherent",1,2
"459",51,30,"low",40,"coherent",1,4
"460",51,30,"low",40,"incoherent",2,2
"461",51,30,"low",45,"coherent",0,3
"462",51,30,"low",45,"incoherent",3,3
"463",51,30,"low",50,"coherent",3,4
"464",51,30,"low",50,"incoherent",4,4
"465",51,30,"low",55,"coherent",1,1
"466",51,30,"low",55,"incoherent",2,2
"467",52,18,"N/A",35,"coherent",4,6
"468",52,30,"low",35,"coherent",3,5
"469",52,18,"N/A",35,"incoherent",4,7
"470",52,30,"low",35,"incoherent",2,4
"471",52,18,"N/A",40,"coherent",2,3
"472",52,30,"low",40,"coherent",1,2
"473",52,18,"N/A",40,"incoherent",1,1
"474",52,30,"low",40,"incoherent",1,1
"475",52,18,"N/A",45,"coherent",4,6
"476",52,30,"low",45,"coherent",2,4
"477",52,18,"N/A",45,"incoherent",3,3
"478",52,30,"low",45,"incoherent",2,2
"479",52,18,"N/A",50,"coherent",6,7
"480",52,30,"low",50,"coherent",4,5
"481",52,18,"N/A",50,"incoherent",2,2
"482",52,30,"low",50,"incoherent",1,1
"483",52,18,"N/A",55,"coherent",2,2
"484",52,30,"low",55,"coherent",1,1
"485",52,18,"N/A",55,"incoherent",6,6
"486",52,30,"low",55,"incoherent",5,5
"487",53,30,"high",35,"coherent",2,4
"488",53,30,"high",35,"incoherent",1,1
"489",53,30,"high",40,"coherent",0,1
"490",53,30,"high",40,"incoherent",1,2
"491",53,30,"high",45,"coherent",1,2
"492",53,30,"high",45,"incoherent",1,1
"493",53,30,"high",50,"coherent",2,2
"494",53,30,"high",50,"incoherent",3,3
"495",53,30,"high",55,"coherent",2,2
"496",53,30,"high",55,"incoherent",4,4
"497",56,7,"N/A",40,"coherent",1,3
"498",56,7,"N/A",45,"coherent",1,2
"499",56,7,"N/A",50,"coherent",2,2
"500",56,7,"N/A",55,"coherent",4,4
"501",56,7,"N/A",65,"coherent",6,6
"502",56,7,"N/A",40,"incoherent",2,4
"503",56,7,"N/A",45,"incoherent",2,2
"504",56,7,"N/A",50,"incoherent",1,1
"505",56,7,"N/A",55,"incoherent",3,5
"506",56,7,"N/A",65,"incoherent",3,3
"507",57,18,"N/A",35,"coherent",4,8
"508",57,30,"low",35,"coherent",1,2
"509",57,18,"N/A",35,"incoherent",2,3
"510",57,30,"low",35,"incoherent",1,1
"511",57,18,"N/A",40,"coherent",2,5
"512",57,30,"low",40,"coherent",2,3
"513",57,18,"N/A",40,"incoherent",2,4
"514",57,30,"low",40,"incoherent",1,1
"515",57,18,"N/A",45,"coherent",3,6
"516",57,30,"low",45,"coherent",2,2
"517",57,18,"N/A",45,"incoherent",4,4
"518",57,30,"low",45,"incoherent",1,1
"519",57,18,"N/A",50,"coherent",5,6
"520",57,30,"low",50,"coherent",3,3
"521",57,18,"N/A",50,"incoherent",7,7
"522",57,30,"low",50,"incoherent",3,3
"523",57,18,"N/A",55,"coherent",7,7
"524",57,30,"low",55,"coherent",2,2
"525",57,18,"N/A",55,"incoherent",4,4
"526",57,30,"low",55,"incoherent",1,1
"527",58,30,"low",35,"coherent",1,4
"528",58,18,"N/A",35,"coherent",2,5
"529",58,30,"low",35,"incoherent",2,3
"530",58,18,"N/A",35,"incoherent",0,1
"531",58,30,"low",40,"coherent",1,4
"532",58,18,"N/A",40,"coherent",2,3
"533",58,30,"low",40,"incoherent",2,3
"534",58,18,"N/A",40,"incoherent",4,6
"535",58,30,"low",45,"coherent",2,4
"536",58,18,"N/A",45,"coherent",2,3
"537",58,30,"low",45,"incoherent",2,2
"538",58,18,"N/A",45,"incoherent",5,5
"539",58,30,"low",50,"coherent",3,3
"540",58,18,"N/A",50,"coherent",3,3
"541",58,30,"low",50,"incoherent",3,3
"542",58,18,"N/A",50,"incoherent",5,5
"543",58,30,"low",55,"coherent",5,5
"544",58,18,"N/A",55,"coherent",4,4
"545",58,30,"low",55,"incoherent",3,3
"546",58,18,"N/A",55,"incoherent",1,1
"547",59,18,"N/A",35,"coherent",3,4
"548",59,30,"low",35,"coherent",2,2
"549",59,18,"N/A",35,"incoherent",4,11
"550",59,30,"low",35,"incoherent",4,6
"551",59,18,"N/A",40,"coherent",2,3
"552",59,30,"low",40,"coherent",1,2
"553",59,18,"N/A",40,"incoherent",2,4
"554",59,30,"low",40,"incoherent",2,3
"555",59,18,"N/A",45,"coherent",3,8
"556",59,30,"low",45,"coherent",1,4
"557",59,18,"N/A",45,"incoherent",5,5
"558",59,30,"low",45,"incoherent",2,2
"559",59,18,"N/A",50,"coherent",5,6
"560",59,30,"low",50,"coherent",4,4
"561",59,18,"N/A",50,"incoherent",3,3
"562",59,30,"low",50,"incoherent",3,3
"563",59,18,"N/A",55,"coherent",7,7
"564",59,30,"low",55,"coherent",3,3
"565",59,18,"N/A",55,"incoherent",3,3
"566",59,30,"low",55,"incoherent",2,2
"567",59,7,"N/A",40,"coherent",2,5
"568",59,7,"N/A",45,"coherent",2,4
"569",59,7,"N/A",50,"coherent",4,4
"570",59,7,"N/A",55,"coherent",4,5
"571",59,7,"N/A",65,"coherent",5,5
"572",59,7,"N/A",40,"incoherent",1,1
"573",59,7,"N/A",45,"incoherent",4,5
"574",59,7,"N/A",50,"incoherent",4,4
"575",59,7,"N/A",55,"incoherent",2,2
"576",59,7,"N/A",65,"incoherent",3,3
"577",60,18,"N/A",35,"coherent",1,1
"578",60,18,"N/A",40,"coherent",0,1
"579",60,18,"N/A",40,"incoherent",0,1
"580",60,18,"N/A",45,"coherent",1,1
"581",60,18,"N/A",45,"incoherent",1,1
"582",60,18,"N/A",50,"coherent",1,1
"583",60,18,"N/A",55,"coherent",1,1
"584",60,7,"N/A",45,"coherent",1,1
"585",60,7,"N/A",50,"coherent",1,2
"586",60,7,"N/A",55,"coherent",3,4
"587",60,7,"N/A",40,"incoherent",3,4
"588",60,7,"N/A",45,"incoherent",2,2
"589",60,7,"N/A",50,"incoherent",3,5
"590",60,7,"N/A",55,"incoherent",4,4
"591",60,7,"N/A",65,"incoherent",1,1
"592",61,30,"low",35,"coherent",1,2
"593",61,30,"low",35,"incoherent",1,2
"594",61,30,"low",40,"coherent",0,3
"595",61,30,"low",40,"incoherent",1,2
"596",61,30,"low",45,"coherent",0,2
"597",61,30,"low",45,"incoherent",2,2
"598",61,30,"low",50,"coherent",4,4
"599",61,30,"low",50,"incoherent",3,3
"600",61,30,"low",55,"coherent",2,2
"601",61,30,"low",55,"incoherent",3,3
"602",62,18,"N/A",35,"coherent",2,3
"603",62,30,"low",35,"coherent",1,3
"604",62,18,"N/A",35,"incoherent",0,3
"605",62,30,"low",35,"incoherent",0,2
"606",62,18,"N/A",40,"coherent",2,2
"607",62,30,"low",40,"coherent",2,2
"608",62,18,"N/A",40,"incoherent",5,5
"609",62,30,"low",40,"incoherent",1,1
"610",62,18,"N/A",45,"coherent",2,4
"611",62,30,"low",45,"coherent",0,2
"612",62,18,"N/A",45,"incoherent",2,2
"613",62,30,"low",45,"incoherent",3,3
"614",62,18,"N/A",50,"coherent",3,3
"615",62,30,"low",50,"coherent",3,4
"616",62,18,"N/A",50,"incoherent",3,3
"617",62,30,"low",50,"incoherent",2,2
"618",62,18,"N/A",55,"coherent",3,3
"619",62,30,"low",55,"coherent",2,3
"620",62,18,"N/A",55,"incoherent",2,2
"621",62,30,"low",55,"incoherent",3,3
"622",62,7,"N/A",40,"coherent",0,1
"623",62,7,"N/A",45,"coherent",3,3
"624",62,7,"N/A",50,"coherent",3,3
"625",62,7,"N/A",55,"coherent",3,3
"626",62,7,"N/A",65,"coherent",1,1
"627",62,7,"N/A",40,"incoherent",0,1
"628",62,7,"N/A",45,"incoherent",2,2
"629",62,7,"N/A",50,"incoherent",2,2
"630",62,7,"N/A",55,"incoherent",2,2
"631",62,7,"N/A",65,"incoherent",2,2
"632",63,18,"N/A",35,"coherent",1,2
"633",63,30,"low",35,"coherent",1,1
"634",63,18,"N/A",35,"incoherent",1,2
"635",63,30,"low",35,"incoherent",1,2
"636",63,18,"N/A",40,"coherent",1,2
"637",63,30,"low",40,"coherent",1,4
"638",63,18,"N/A",40,"incoherent",2,2
"639",63,30,"low",40,"incoherent",1,1
"640",63,18,"N/A",45,"coherent",0,2
"641",63,30,"low",45,"coherent",0,1
"642",63,18,"N/A",45,"incoherent",2,2
"643",63,30,"low",45,"incoherent",1,1
"644",63,18,"N/A",50,"coherent",3,3
"645",63,30,"low",50,"coherent",1,4
"646",63,18,"N/A",50,"incoherent",3,3
"647",63,30,"low",50,"incoherent",3,3
"648",63,18,"N/A",55,"coherent",3,3
"649",63,30,"low",55,"coherent",2,2
"650",63,18,"N/A",55,"incoherent",2,2
"651",63,30,"low",55,"incoherent",1,1
"652",63,7,"N/A",40,"coherent",4,6
"653",63,7,"N/A",45,"coherent",1,2
"654",63,7,"N/A",50,"coherent",4,6
"655",63,7,"N/A",55,"coherent",5,5
"656",63,7,"N/A",65,"coherent",4,4
"657",63,7,"N/A",40,"incoherent",3,4
"658",63,7,"N/A",45,"incoherent",4,5
"659",63,7,"N/A",50,"incoherent",5,5
"660",63,7,"N/A",55,"incoherent",1,1
"661",63,7,"N/A",65,"incoherent",5,5
"662",64,18,"N/A",35,"coherent",1,2
"663",64,30,"low",35,"coherent",2,2
"664",64,18,"N/A",35,"incoherent",1,2
"665",64,30,"low",35,"incoherent",3,4
"666",64,18,"N/A",40,"coherent",1,2
"667",64,30,"low",40,"coherent",2,2
"668",64,18,"N/A",40,"incoherent",3,3
"669",64,30,"low",40,"incoherent",1,3
"670",64,18,"N/A",45,"coherent",4,5
"671",64,30,"low",45,"coherent",1,3
"672",64,18,"N/A",45,"incoherent",1,1
"673",64,30,"low",45,"incoherent",4,4
"674",64,18,"N/A",50,"coherent",1,1
"675",64,30,"low",50,"coherent",4,4
"676",64,18,"N/A",50,"incoherent",4,4
"677",64,30,"low",50,"incoherent",5,5
"678",64,18,"N/A",55,"coherent",2,2
"679",64,30,"low",55,"coherent",3,3
"680",64,30,"low",55,"incoherent",2,2
"681",64,7,"N/A",40,"coherent",1,1
"682",64,7,"N/A",45,"coherent",2,3
"683",64,7,"N/A",50,"coherent",2,2
"684",64,7,"N/A",55,"coherent",4,5
"685",64,7,"N/A",40,"incoherent",1,3
"686",64,7,"N/A",45,"incoherent",0,2
"687",64,7,"N/A",50,"incoherent",2,3
"688",64,7,"N/A",55,"incoherent",2,2
"689",65,18,"N/A",35,"coherent",1,1
"690",65,30,"low",35,"coherent",1,4
"691",65,18,"N/A",35,"incoherent",0,1
"692",65,30,"low",35,"incoherent",2,3
"693",65,18,"N/A",40,"coherent",0,2
"694",65,30,"low",40,"coherent",0,2
"695",65,30,"low",40,"incoherent",2,2
"696",65,18,"N/A",45,"coherent",2,2
"697",65,30,"low",45,"coherent",2,3
"698",65,30,"low",45,"incoherent",3,3
"699",65,18,"N/A",50,"coherent",2,2
"700",65,30,"low",50,"coherent",1,2
"701",65,18,"N/A",50,"incoherent",1,1
"702",65,30,"low",50,"incoherent",2,2
"703",65,18,"N/A",55,"coherent",1,1
"704",65,30,"low",55,"coherent",4,4
"705",65,30,"low",55,"incoherent",4,4
"706",66,18,"N/A",35,"coherent",0,2
"707",66,30,"low",35,"coherent",2,3
"708",66,18,"N/A",35,"incoherent",2,4
"709",66,30,"low",35,"incoherent",3,3
"710",66,18,"N/A",40,"coherent",1,5
"711",66,30,"low",40,"coherent",2,3
"712",66,18,"N/A",40,"incoherent",1,2
"713",66,30,"low",40,"incoherent",4,4
"714",66,18,"N/A",45,"coherent",6,6
"715",66,30,"low",45,"coherent",3,6
"716",66,18,"N/A",45,"incoherent",2,2
"717",66,30,"low",45,"incoherent",4,4
"718",66,18,"N/A",50,"coherent",6,6
"719",66,30,"low",50,"coherent",3,3
"720",66,18,"N/A",50,"incoherent",4,4
"721",66,30,"low",50,"incoherent",4,4
"722",66,18,"N/A",55,"coherent",3,3
"723",66,30,"low",55,"coherent",3,4
"724",66,18,"N/A",55,"incoherent",3,3
"725",66,30,"low",55,"incoherent",1,1
"726",66,7,"N/A",40,"coherent",2,3
"727",66,7,"N/A",45,"coherent",2,3
"728",66,7,"N/A",50,"coherent",3,3
"729",66,7,"N/A",55,"coherent",3,3
"730",66,7,"N/A",65,"coherent",4,6
"731",66,7,"N/A",40,"incoherent",2,4
"732",66,7,"N/A",45,"incoherent",3,4
"733",66,7,"N/A",50,"incoherent",2,2
"734",66,7,"N/A",55,"incoherent",2,2
"735",66,7,"N/A",65,"incoherent",4,4
"736",67,18,"N/A",35,"coherent",2,3
"737",67,30,"low",35,"coherent",1,2
"738",67,18,"N/A",35,"incoherent",1,4
"739",67,30,"low",35,"incoherent",0,2
"740",67,30,"low",40,"coherent",3,4
"741",67,18,"N/A",40,"incoherent",6,6
"742",67,30,"low",40,"incoherent",1,1
"743",67,18,"N/A",45,"coherent",2,6
"744",67,30,"low",45,"coherent",1,3
"745",67,18,"N/A",45,"incoherent",1,1
"746",67,30,"low",45,"incoherent",2,2
"747",67,18,"N/A",50,"coherent",5,6
"748",67,30,"low",50,"coherent",3,4
"749",67,18,"N/A",50,"incoherent",2,2
"750",67,30,"low",50,"incoherent",4,4
"751",67,18,"N/A",55,"coherent",3,3
"752",67,30,"low",55,"coherent",3,3
"753",67,18,"N/A",55,"incoherent",1,1
"754",67,30,"low",55,"incoherent",1,1
"755",69,18,"N/A",35,"coherent",4,5
"756",69,30,"high",35,"coherent",1,2
"757",69,18,"N/A",35,"incoherent",1,4
"758",69,30,"high",35,"incoherent",2,3
"759",69,18,"N/A",40,"coherent",0,3
"760",69,30,"high",40,"coherent",2,4
"761",69,18,"N/A",40,"incoherent",3,3
"762",69,30,"high",40,"incoherent",5,5
"763",69,18,"N/A",45,"coherent",3,4
"764",69,30,"high",45,"coherent",0,3
"765",69,18,"N/A",45,"incoherent",2,2
"766",69,30,"high",45,"incoherent",3,3
"767",69,18,"N/A",50,"coherent",3,3
"768",69,30,"high",50,"coherent",6,8
"769",69,18,"N/A",50,"incoherent",5,5
"770",69,30,"high",50,"incoherent",1,1
"771",69,18,"N/A",55,"coherent",1,1
"772",69,30,"high",55,"coherent",2,2
"773",69,18,"N/A",55,"incoherent",2,2
"774",69,30,"high",55,"incoherent",4,4
"775",70,18,"N/A",35,"coherent",1,3
"776",70,18,"N/A",35,"incoherent",1,2
"777",70,18,"N/A",40,"coherent",2,3
"778",70,18,"N/A",40,"incoherent",2,3
"779",70,18,"N/A",45,"coherent",1,3
"780",70,18,"N/A",45,"incoherent",3,3
"781",70,18,"N/A",50,"coherent",4,5
"782",70,18,"N/A",50,"incoherent",3,3
"783",70,18,"N/A",55,"incoherent",2,2
"784",72,30,"low",35,"coherent",1,4
"785",72,30,"low",35,"incoherent",1,2
"786",72,30,"low",40,"coherent",1,1
"787",72,30,"low",40,"incoherent",1,1
"788",72,30,"low",45,"coherent",2,3
"789",72,30,"low",45,"incoherent",2,2
"790",72,30,"low",50,"coherent",2,2
"791",72,30,"low",50,"incoherent",2,2
"792",72,30,"low",55,"coherent",2,2
"793",72,30,"low",55,"incoherent",3,3
"794",73,30,"low",35,"coherent",1,4
"795",73,30,"low",35,"incoherent",2,4
"796",73,30,"low",40,"coherent",1,2
"797",73,30,"low",40,"incoherent",1,2
"798",73,30,"low",45,"coherent",1,2
"799",73,30,"low",45,"incoherent",4,4
"800",73,30,"low",50,"coherent",3,3
"801",73,30,"low",50,"incoherent",1,1
"802",73,30,"low",55,"coherent",5,5
"803",73,30,"low",55,"incoherent",2,3
"804",74,18,"N/A",35,"coherent",3,3
"805",74,30,"low",35,"coherent",1,4
"806",74,18,"N/A",35,"incoherent",0,2
"807",74,30,"low",35,"incoherent",0,1
"808",74,18,"N/A",40,"coherent",0,2
"809",74,30,"low",40,"coherent",1,2
"810",74,18,"N/A",40,"incoherent",2,2
"811",74,30,"low",40,"incoherent",0,1
"812",74,18,"N/A",45,"coherent",2,4
"813",74,30,"low",45,"coherent",1,2
"814",74,18,"N/A",45,"incoherent",0,1
"815",74,30,"low",45,"incoherent",2,2
"816",74,18,"N/A",50,"coherent",6,6
"817",74,30,"low",50,"coherent",2,4
"818",74,18,"N/A",50,"incoherent",4,4
"819",74,30,"low",50,"incoherent",3,3
"820",74,18,"N/A",55,"coherent",1,1
"821",74,18,"N/A",55,"incoherent",1,1
"822",75,30,"high",35,"coherent",0,1
"823",75,30,"high",35,"incoherent",2,2
"824",75,30,"high",40,"coherent",3,3
"825",75,30,"high",40,"incoherent",3,3
"826",75,30,"high",45,"coherent",1,2
"827",75,30,"high",45,"incoherent",2,2
"828",75,30,"high",50,"coherent",3,3
"829",75,30,"high",50,"incoherent",2,2
"830",75,30,"high",55,"coherent",2,2
"831",75,30,"high",55,"incoherent",2,2
"832",76,18,"N/A",35,"coherent",2,3
"833",76,30,"low",35,"coherent",1,3
"834",76,18,"N/A",35,"incoherent",1,2
"835",76,30,"low",35,"incoherent",3,4
"836",76,18,"N/A",40,"coherent",4,4
"837",76,30,"low",40,"coherent",3,5
"838",76,18,"N/A",40,"incoherent",2,3
"839",76,30,"low",40,"incoherent",1,1
"840",76,18,"N/A",45,"coherent",1,5
"841",76,30,"low",45,"coherent",1,3
"842",76,18,"N/A",45,"incoherent",5,5
"843",76,30,"low",45,"incoherent",3,3
"844",76,18,"N/A",50,"coherent",5,5
"845",76,30,"low",50,"coherent",3,3
"846",76,18,"N/A",50,"incoherent",3,3
"847",76,30,"low",50,"incoherent",2,2
"848",76,18,"N/A",55,"coherent",2,2
"849",76,30,"low",55,"coherent",6,6
"850",76,18,"N/A",55,"incoherent",1,1
"851",76,30,"low",55,"incoherent",3,3
"852",77,7,"N/A",35,"coherent",0,1
"853",77,7,"N/A",40,"coherent",1,2
"854",77,7,"N/A",45,"coherent",3,4
"855",77,7,"N/A",50,"coherent",3,3
"856",77,7,"N/A",55,"coherent",1,1
"857",77,7,"N/A",35,"incoherent",2,3
"858",77,7,"N/A",45,"incoherent",2,2
"859",77,7,"N/A",50,"incoherent",2,2
"860",77,7,"N/A",55,"incoherent",2,2
"861",78,18,"N/A",35,"coherent",2,4
"862",78,18,"N/A",35,"incoherent",0,2
"863",78,18,"N/A",40,"coherent",2,4
"864",78,18,"N/A",40,"incoherent",4,4
"865",78,18,"N/A",45,"coherent",6,8
"866",78,18,"N/A",45,"incoherent",6,6
"867",78,18,"N/A",50,"coherent",4,4
"868",78,18,"N/A",50,"incoherent",6,6
"869",78,18,"N/A",55,"coherent",4,4
"870",78,18,"N/A",55,"incoherent",2,2
"871",79,30,"low",35,"coherent",4,7
"872",79,30,"low",35,"incoherent",4,6
"873",79,30,"low",40,"coherent",2,7
"874",79,30,"low",40,"incoherent",3,3
"875",79,30,"low",45,"coherent",4,6
"876",79,30,"low",45,"incoherent",6,6
"877",79,30,"low",50,"coherent",5,5
"878",79,30,"low",50,"incoherent",3,4
"879",79,30,"low",55,"coherent",7,7
"880",79,30,"low",55,"incoherent",4,4
"881",81,30,"low",35,"coherent",4,7
"882",81,30,"low",35,"incoherent",0,7
"883",81,30,"low",40,"coherent",4,5
"884",81,30,"low",40,"incoherent",6,6
"885",81,30,"low",45,"coherent",5,9
"886",81,30,"low",45,"incoherent",7,8
"887",81,30,"low",50,"coherent",4,5
"888",81,30,"low",50,"incoherent",3,3
"889",81,30,"low",55,"coherent",4,4
"890",81,30,"low",55,"incoherent",6,7
"891",85,30,"low",35,"coherent",2,5
"892",85,30,"low",35,"incoherent",0,2
"893",85,30,"low",40,"coherent",3,3
"894",85,30,"low",40,"incoherent",4,4
"895",85,30,"low",45,"coherent",2,2
"896",85,30,"low",45,"incoherent",1,1
"897",85,30,"low",50,"coherent",2,3
"898",85,30,"low",50,"incoherent",4,4
"899",85,30,"low",55,"coherent",4,4
"900",85,30,"low",55,"incoherent",2,2
"901",86,18,"N/A",35,"coherent",0,1
"902",86,30,"low",35,"coherent",1,2
"903",86,30,"high",35,"coherent",3,8
"904",86,18,"N/A",35,"incoherent",1,2
"905",86,30,"low",35,"incoherent",1,2
"906",86,30,"high",35,"incoherent",1,2
"907",86,18,"N/A",40,"coherent",2,3
"908",86,30,"low",40,"coherent",3,4
"909",86,30,"high",40,"coherent",1,2
"910",86,18,"N/A",40,"incoherent",3,3
"911",86,30,"low",40,"incoherent",3,3
"912",86,30,"high",40,"incoherent",3,3
"913",86,18,"N/A",45,"coherent",2,4
"914",86,30,"low",45,"coherent",3,3
"915",86,30,"high",45,"coherent",4,5
"916",86,18,"N/A",45,"incoherent",3,3
"917",86,30,"low",45,"incoherent",2,2
"918",86,30,"high",45,"incoherent",4,5
"919",86,18,"N/A",50,"coherent",2,2
"920",86,30,"low",50,"coherent",2,2
"921",86,30,"high",50,"coherent",3,3
"922",86,18,"N/A",50,"incoherent",1,1
"923",86,30,"low",50,"incoherent",1,1
"924",86,30,"high",50,"incoherent",1,1
"925",86,18,"N/A",55,"coherent",1,1
"926",86,30,"low",55,"coherent",2,2
"927",86,30,"high",55,"coherent",3,3
"928",86,18,"N/A",55,"incoherent",1,1
"929",86,30,"low",55,"incoherent",1,1
"930",86,30,"high",55,"incoherent",3,3
"931",87,18,"N/A",35,"coherent",4,6
"932",87,18,"N/A",35,"incoherent",0,6
"933",87,18,"N/A",40,"coherent",2,8
"934",87,18,"N/A",40,"incoherent",4,6
"935",87,18,"N/A",45,"coherent",4,4
"936",87,18,"N/A",45,"incoherent",2,2
"937",87,18,"N/A",50,"coherent",4,4
"938",87,18,"N/A",50,"incoherent",8,8
"939",87,18,"N/A",55,"coherent",6,6
"940",87,18,"N/A",55,"incoherent",6,6
"941",88,30,"high",35,"incoherent",2,5
"942",88,30,"high",40,"coherent",0,3
"943",88,30,"high",40,"incoherent",4,5
"944",88,30,"high",45,"coherent",3,5
"945",88,30,"high",45,"incoherent",1,1
"946",88,30,"high",50,"coherent",7,7
"947",88,30,"high",50,"incoherent",3,3
"948",88,30,"high",55,"coherent",4,4
"949",88,30,"high",55,"incoherent",2,2
"950",88,7,"N/A",35,"coherent",1,3
"951",88,7,"N/A",35,"coherent",2,2
"952",88,7,"N/A",40,"coherent",2,3
"953",88,7,"N/A",40,"coherent",1,5
"954",88,7,"N/A",45,"coherent",2,3
"955",88,7,"N/A",45,"coherent",2,4
"956",88,7,"N/A",50,"coherent",1,2
"957",88,7,"N/A",50,"coherent",3,3
"958",88,7,"N/A",55,"coherent",2,2
"959",88,7,"N/A",55,"coherent",4,4
"960",88,7,"N/A",35,"incoherent",1,2
"961",88,7,"N/A",35,"incoherent",0,3
"962",88,7,"N/A",40,"incoherent",3,4
"963",88,7,"N/A",40,"incoherent",4,4
"964",88,7,"N/A",45,"incoherent",1,3
"965",88,7,"N/A",45,"incoherent",6,6
"966",88,7,"N/A",50,"incoherent",2,3
"967",88,7,"N/A",50,"incoherent",3,3
"968",88,7,"N/A",55,"incoherent",1,2
"969",88,7,"N/A",55,"incoherent",2,2
"970",90,18,"N/A",35,"coherent",3,3
"971",90,18,"N/A",35,"incoherent",3,5
"972",90,18,"N/A",40,"coherent",3,5
"973",90,18,"N/A",40,"incoherent",3,4
"974",90,18,"N/A",45,"coherent",4,6
"975",90,18,"N/A",45,"incoherent",4,4
"976",90,18,"N/A",50,"coherent",2,3
"977",90,18,"N/A",50,"incoherent",3,3
"978",90,18,"N/A",55,"coherent",4,4
"979",90,18,"N/A",55,"incoherent",3,3
"980",91,30,"high",35,"coherent",0,1
"981",91,30,"high",40,"coherent",2,2
"982",91,30,"high",40,"incoherent",4,7
"983",91,30,"high",45,"coherent",4,5
"984",91,30,"high",45,"incoherent",4,4
"985",91,30,"high",50,"coherent",4,4
"986",91,30,"high",50,"incoherent",3,3
"987",91,30,"high",55,"coherent",3,3
"988",91,30,"high",55,"incoherent",2,2
"989",92,7,"N/A",35,"coherent",3,4
"990",92,7,"N/A",40,"coherent",1,7
"991",92,7,"N/A",45,"coherent",1,3
"992",92,7,"N/A",50,"coherent",5,6
"993",92,7,"N/A",55,"coherent",3,4
"994",92,7,"N/A",35,"incoherent",1,3
"995",92,7,"N/A",40,"incoherent",3,4
"996",92,7,"N/A",45,"incoherent",2,2
"997",92,7,"N/A",50,"incoherent",7,8
"998",92,7,"N/A",55,"incoherent",2,2
"999",94,18,"N/A",35,"coherent",3,4
"1000",94,18,"N/A",35,"incoherent",1,5
"1001",94,18,"N/A",40,"coherent",1,3
"1002",94,18,"N/A",40,"incoherent",3,4
"1003",94,18,"N/A",45,"coherent",2,6
"1004",94,18,"N/A",45,"incoherent",3,3
"1005",94,18,"N/A",50,"coherent",5,5
"1006",94,18,"N/A",50,"incoherent",4,5
"1007",94,18,"N/A",55,"coherent",3,3
"1008",94,18,"N/A",55,"incoherent",1,1
"1009",94,7,"N/A",35,"coherent",1,4
"1010",94,7,"N/A",40,"coherent",2,4
"1011",94,7,"N/A",45,"coherent",1,4
"1012",94,7,"N/A",50,"coherent",5,5
"1013",94,7,"N/A",55,"coherent",1,1
"1014",94,7,"N/A",40,"incoherent",2,2
"1015",94,7,"N/A",45,"incoherent",1,1
"1016",94,7,"N/A",50,"incoherent",4,4
"1017",94,7,"N/A",55,"incoherent",2,2
"1018",95,18,"N/A",35,"coherent",2,2
"1019",95,30,"low",35,"coherent",2,5
"1020",95,18,"N/A",35,"incoherent",1,1
"1021",95,30,"low",35,"incoherent",3,4
"1022",95,18,"N/A",40,"coherent",1,3
"1023",95,30,"low",40,"coherent",0,3
"1024",95,18,"N/A",40,"incoherent",1,1
"1025",95,30,"low",40,"incoherent",3,4
"1026",95,18,"N/A",45,"coherent",1,3
"1027",95,30,"low",45,"coherent",1,6
"1028",95,18,"N/A",45,"incoherent",2,2
"1029",95,30,"low",45,"incoherent",3,3
"1030",95,18,"N/A",50,"coherent",2,3
"1031",95,30,"low",50,"coherent",5,5
"1032",95,18,"N/A",50,"incoherent",2,2
"1033",95,30,"low",50,"incoherent",1,1
"1034",95,18,"N/A",55,"coherent",1,1
"1035",95,30,"low",55,"coherent",5,5
"1036",95,18,"N/A",55,"incoherent",1,1
"1037",95,30,"low",55,"incoherent",2,2
"1038",95,7,"N/A",35,"coherent",1,4
"1039",95,7,"N/A",40,"coherent",1,3
"1040",95,7,"N/A",45,"coherent",0,2
"1041",95,7,"N/A",50,"coherent",3,3
"1042",95,7,"N/A",55,"coherent",4,4
"1043",95,7,"N/A",35,"incoherent",1,2
"1044",95,7,"N/A",40,"incoherent",2,3
"1045",95,7,"N/A",45,"incoherent",3,3
"1046",95,7,"N/A",50,"incoherent",7,7
"1047",95,7,"N/A",55,"incoherent",3,3
"1048",96,7,"N/A",35,"coherent",0,2
"1049",96,7,"N/A",40,"coherent",3,3
"1050",96,7,"N/A",45,"coherent",2,2
"1051",96,7,"N/A",50,"coherent",3,3
"1052",96,7,"N/A",55,"coherent",3,3
"1053",96,7,"N/A",35,"incoherent",2,2
"1054",96,7,"N/A",40,"incoherent",2,4
"1055",96,7,"N/A",45,"incoherent",0,1
"1056",96,7,"N/A",50,"incoherent",2,2
"1057",96,7,"N/A",55,"incoherent",4,4
"1058",97,7,"N/A",40,"coherent",0,3
"1059",97,7,"N/A",45,"coherent",4,5
"1060",97,7,"N/A",50,"coherent",3,4
"1061",97,7,"N/A",55,"coherent",5,6
"1062",97,7,"N/A",65,"coherent",7,7
"1063",97,7,"N/A",40,"incoherent",4,6
"1064",97,7,"N/A",45,"incoherent",5,6
"1065",97,7,"N/A",50,"incoherent",5,5
"1066",97,7,"N/A",55,"incoherent",3,4
"1067",97,7,"N/A",65,"incoherent",5,5
"1068",98,7,"N/A",35,"coherent",1,4
"1069",98,7,"N/A",40,"coherent",2,6
"1070",98,7,"N/A",45,"coherent",3,5
"1071",98,7,"N/A",50,"coherent",6,6
"1072",98,7,"N/A",55,"coherent",5,5
"1073",98,7,"N/A",35,"incoherent",3,4
"1074",98,7,"N/A",40,"incoherent",8,8
"1075",98,7,"N/A",45,"incoherent",2,2
"1076",98,7,"N/A",50,"incoherent",5,5
"1077",98,7,"N/A",55,"incoherent",5,5
"1078",99,7,"N/A",35,"coherent",4,6
"1079",99,7,"N/A",40,"coherent",0,3
"1080",99,7,"N/A",45,"coherent",2,3
"1081",99,7,"N/A",50,"coherent",2,2
"1082",99,7,"N/A",55,"coherent",3,4
"1083",99,7,"N/A",35,"incoherent",2,4
"1084",99,7,"N/A",40,"incoherent",2,2
"1085",99,7,"N/A",45,"incoherent",3,3
"1086",99,7,"N/A",50,"incoherent",2,2
"1087",99,7,"N/A",55,"incoherent",5,5
"1088",100,18,"N/A",35,"coherent",3,4
"1089",100,18,"N/A",35,"incoherent",4,5
"1090",100,18,"N/A",40,"coherent",3,5
"1091",100,18,"N/A",40,"incoherent",5,5
"1092",100,18,"N/A",45,"coherent",1,2
"1093",100,18,"N/A",45,"incoherent",3,4
"1094",100,18,"N/A",50,"coherent",7,7
"1095",100,18,"N/A",50,"incoherent",3,3
"1096",100,18,"N/A",55,"coherent",4,5
"1097",100,18,"N/A",55,"incoherent",5,5
