"","Diversity","Shrubs","Stumps","Stags","Bark","Habitat","BAcacia","eucalyptus","aspect"
"1",3,6,1,12,29,9,31,"regnans","SW-NW"
"2",2,5,0,15,12,2,4,"regnans","SE-SW"
"3",1,7,0,6,26,2,8,"regnans","NW-NE"
"4",2,6,0,14,16,8,16,"regnans","SW-NW"
"5",3,5,0,16,11,8,20,"delegatensis","SE-SW"
"6",2,3,0,16,6,10,31,"regnans","NW-SE"
"7",3,6,0,9,10,8,16,"delegatensis","SW-NW"
"8",2,13,0,20,4,8,17,"regnans","SE-SW"
"9",0,5,0,7,13,3,0,"regnans","SW-NW"
"10",0,8,0,4,9,1,8,"regnans","SE-SW"
"11",1,11,1,6,3,2,8,"regnans","SE-SW"
"12",1,16,0,5,3,6,9,"regnans","SW-NW"
"13",0,8,0,4,11,1,11,"delegatensis","NW-NE"
"14",4,9,0,6,14,7,0,"regnans","SE-SW"
"15",2,4,0,4,8,1,25,"regnans","NW-SE"
"16",3,9,0,10,13,7,16,"regnans","SE-SW"
"17",1,11,0,6,17,1,7,"regnans","SW-NW"
"18",3,8,0,11,8,9,23,"regnans","NW-SE"
"19",3,4,0,11,7,8,19,"regnans","NW-SE"
"20",1,8,0,4,12,9,13,"regnans","NW-SE"
"21",2,1,0,16,5,10,21,"regnans","SE-SW"
"22",2,3,1,8,9,8,23,"delegatensis","SE-SW"
"23",2,3,0,10,15,1,0,"delegatensis","NW-NE"
"24",3,5,0,9,16,2,16,"delegatensis","NW-SE"
"25",4,3,0,7,16,8,20,"nitens","NW-SE"
"26",2,4,0,10,14,2,5,"delegatensis","NW-SE"
"27",1,5,0,15,18,0,1,"regnans","SE-SW"
"28",1,2,0,5,4,9,33,"delegatensis","SE-SW"
"29",2,6,0,7,22,10,3,"nitens","NW-SE"
"30",3,1,0,10,11,2,4,"regnans","SE-SW"
"31",3,5,0,11,11,9,17,"delegatensis","SE-SW"
"32",3,3,0,8,17,7,13,"regnans","NW-SE"
"33",2,5,0,8,9,7,13,"regnans","SE-SW"
"34",3,21,1,3,23,4,3,"regnans","SE-SW"
"35",4,5,0,14,9,8,12,"regnans","SE-SW"
"36",0,3,0,5,5,4,13,"regnans","SE-SW"
"37",2,4,0,8,6,9,20,"regnans","NW-SE"
"38",0,3,0,14,7,8,15,"regnans","SW-NW"
"39",2,2,0,11,9,6,15,"regnans","NW-SE"
"40",1,6,0,2,7,6,11,"regnans","NW-SE"
"41",0,11,0,1,7,3,11,"regnans","NW-NE"
"42",0,11,1,1,5,1,1,"regnans","NW-SE"
"43",3,5,0,7,8,8,27,"regnans","NW-SE"
"44",0,5,0,2,9,2,15,"regnans","SE-SW"
"45",2,3,0,7,5,7,15,"regnans","NW-SE"
"46",2,5,0,7,5,5,23,"regnans","NW-SE"
"47",1,10,0,1,11,3,17,"regnans","SE-SW"
"48",2,15,0,6,9,3,13,"regnans","NW-SE"
"49",1,8,0,8,5,1,9,"regnans","NW-NE"
"50",1,5,0,6,8,3,4,"regnans","SW-NW"
"51",2,9,0,6,7,7,16,"regnans","NW-NE"
"52",1,7,0,5,5,1,2,"regnans","NW-SE"
"53",1,8,0,6,9,7,22,"regnans","NW-SE"
"54",0,3,0,0,3,1,17,"regnans","SE-SW"
"55",1,0,0,0,6,1,12,"regnans","NW-SE"
"56",0,11,0,2,7,4,11,"regnans","NW-NE"
"57",0,11,1,0,10,1,3,"regnans","SW-NW"
"58",1,10,1,1,15,2,4,"regnans","NW-NE"
"59",3,8,0,3,8,2,7,"regnans","SE-SW"
"60",1,6,0,2,6,2,0,"regnans","SE-SW"
"61",1,4,0,2,4,2,3,"nitens","NW-NE"
"62",2,2,0,6,7,7,39,"regnans","NW-NE"
"63",1,5,0,3,7,5,11,"regnans","NW-SE"
"64",2,2,0,4,6,6,23,"delegatensis","SW-NW"
"65",3,1,0,3,6,4,28,"regnans","NW-NE"
"66",1,8,0,4,10,7,19,"regnans","SE-SW"
"67",0,1,0,5,6,6,17,"delegatensis","NW-SE"
"68",2,1,0,2,7,5,24,"delegatensis","SE-SW"
"69",1,0,0,3,5,6,20,"delegatensis","NW-NE"
"70",2,2,0,4,4,8,20,"delegatensis","NW-NE"
"71",1,7,0,4,5,4,5,"regnans","NW-SE"
"72",1,5,0,2,7,3,3,"regnans","NW-NE"
"73",1,3,0,2,8,3,19,"regnans","SW-NW"
"74",2,0,0,10,6,7,19,"regnans","NW-NE"
"75",5,7,0,16,14,7,19,"regnans","SE-SW"
"76",1,3,1,10,7,8,20,"regnans","NW-NE"
"77",1,6,0,4,12,6,16,"nitens","SE-SW"
"78",1,0,0,3,4,3,5,"regnans","NW-SE"
"79",1,4,0,2,7,2,3,"regnans","NW-SE"
"80",1,8,0,2,9,3,12,"regnans","NW-NE"
"81",0,4,0,2,8,4,11,"regnans","SW-NW"
"82",1,5,0,2,8,3,3,"regnans","NW-SE"
"83",1,1,0,3,4,4,17,"delegatensis","NW-SE"
"84",1,6,0,1,14,4,17,"regnans","NW-SE"
"85",0,4,1,6,12,7,16,"regnans","SW-NW"
"86",0,8,0,8,18,5,7,"regnans","NW-SE"
"87",0,4,0,2,5,3,0,"regnans","NW-NE"
"88",2,2,0,4,6,2,0,"nitens","NW-SE"
"89",3,7,0,12,5,6,4,"regnans","SE-SW"
"90",0,7,0,13,5,6,3,"regnans","SE-SW"
"91",2,1,0,3,7,7,21,"regnans","NW-SE"
"92",4,2,0,14,6,9,20,"regnans","NW-NE"
"93",2,7,0,2,5,4,7,"regnans","NW-NE"
"94",2,1,0,4,9,6,24,"regnans","NW-SE"
"95",0,5,0,0,9,3,21,"regnans","SE-SW"
"96",1,0,0,2,5,3,15,"regnans","SE-SW"
"97",0,2,0,3,5,5,13,"nitens","SW-NW"
"98",2,1,0,14,3,7,19,"delegatensis","SE-SW"
"99",2,1,0,29,6,4,1,"regnans","NW-SE"
"100",0,0,0,2,2,3,16,"regnans","SE-SW"
"101",0,14,0,4,0,1,0,"regnans","SE-SW"
"102",3,0,0,6,6,6,25,"regnans","SE-SW"
"103",1,8,0,3,9,5,16,"nitens","NW-NE"
"104",2,3,0,8,6,5,24,"regnans","NW-SE"
"105",1,3,0,4,5,5,13,"regnans","NW-SE"
"106",0,4,0,7,5,2,0,"regnans","NW-NE"
"107",3,15,0,20,18,4,0,"regnans","NW-SE"
"108",1,0,0,4,3,3,0,"delegatensis","NW-NE"
"109",0,2,0,11,3,4,1,"delegatensis","NW-SE"
"110",2,2,0,5,3,2,7,"delegatensis","SW-NW"
"111",1,0,0,1,3,2,1,"delegatensis","SE-SW"
"112",0,1,0,2,5,4,9,"delegatensis","NW-SE"
"113",2,1,0,27,7,6,7,"delegatensis","SE-SW"
"114",5,9,0,24,16,8,17,"regnans","NW-NE"
"115",2,5,0,9,10,6,20,"regnans","NW-NE"
"116",1,10,0,18,13,6,5,"regnans","NW-NE"
"117",2,3,0,3,5,5,15,"nitens","NW-SE"
"118",1,2,0,20,4,7,13,"regnans","NW-NE"
"119",4,2,0,25,8,10,23,"regnans","SW-NW"
"120",2,0,0,4,6,7,23,"regnans","NW-NE"
"121",0,11,0,4,4,4,5,"regnans","NW-NE"
"122",4,12,0,30,15,8,8,"regnans","SW-NW"
"123",5,10,0,24,9,8,4,"regnans","SE-SW"
"124",3,7,0,8,5,5,4,"nitens","NW-SE"
"125",0,1,1,4,7,6,16,"nitens","SE-SW"
"126",1,3,0,6,3,4,0,"delegatensis","NW-SE"
"127",0,2,0,5,4,5,9,"regnans","NW-SE"
"128",2,3,0,3,6,5,5,"nitens","SE-SW"
"129",0,1,0,5,4,5,4,"delegatensis","SW-NW"
"130",2,1,0,2,6,6,19,"regnans","NW-NE"
"131",0,7,0,3,5,2,0,"regnans","NW-SE"
"132",0,3,0,5,6,6,19,"nitens","SW-NW"
"133",2,6,0,7,5,4,4,"regnans","SW-NW"
"134",0,2,0,4,5,6,17,"regnans","SE-SW"
"135",0,1,0,5,3,4,8,"delegatensis","SW-NW"
"136",1,3,0,4,4,6,7,"delegatensis","NW-NE"
"137",0,6,0,4,7,5,4,"regnans","SW-NW"
"138",0,11,0,1,8,1,1,"regnans","SE-SW"
"139",3,9,0,4,5,3,0,"regnans","SE-SW"
"140",0,1,0,23,4,6,3,"delegatensis","SW-NW"
"141",3,1,0,25,4,7,15,"delegatensis","SE-SW"
"142",3,6,0,31,10,8,13,"regnans","SW-NW"
"143",1,5,0,0,4,2,23,"regnans","NW-NE"
"144",2,8,1,8,3,7,12,"regnans","NW-SE"
"145",0,6,0,4,5,2,0,"regnans","SW-NW"
"146",0,2,0,4,2,1,0,"regnans","NW-NE"
"147",1,5,1,1,0,2,0,"regnans","NW-NE"
"148",2,4,0,3,6,6,17,"regnans","NW-NE"
"149",1,4,1,1,5,3,25,"regnans","NW-SE"
"150",0,5,0,1,4,2,16,"delegatensis","NW-SE"
"151",0,4,0,4,6,2,0,"regnans","SE-SW"
