"","MaritalStatus","ExtramaritalSex","PremaritalSex","Gender","Freq"
"1","Divorced","Yes","Yes","Women",17
"2","Married","Yes","Yes","Women",4
"3","Divorced","No","Yes","Women",54
"4","Married","No","Yes","Women",25
"5","Divorced","Yes","No","Women",36
"6","Married","Yes","No","Women",4
"7","Divorced","No","No","Women",214
"8","Married","No","No","Women",322
"9","Divorced","Yes","Yes","Men",28
"10","Married","Yes","Yes","Men",11
"11","Divorced","No","Yes","Men",60
"12","Married","No","Yes","Men",42
"13","Divorced","Yes","No","Men",17
"14","Married","Yes","No","Men",4
"15","Divorced","No","No","Men",68
"16","Married","No","No","Men",130
