"","state","demVote","year","south"
"1","Alabama",84.76,1932,TRUE
"2","Arizona",67.03,1932,FALSE
"3","Arkansas",86.27,1932,TRUE
"4","California",58.41,1932,FALSE
"5","Colorado",54.81,1932,FALSE
"6","Connecticut",47.4,1932,FALSE
"7","Delaware",48.11,1932,FALSE
"8","Florida",74.49,1932,TRUE
"9","Georgia",91.6,1932,TRUE
"10","Idaho",58.7,1932,FALSE
"11","Illinois",55.23,1932,FALSE
"12","Indiana",54.67,1932,FALSE
"13","Iowa",57.69,1932,FALSE
"14","Kansas",53.56,1932,FALSE
"15","Kentucky",59.06,1932,FALSE
"16","Louisiana",92.79,1932,TRUE
"17","Maine",43.19,1932,FALSE
"18","Maryland",61.5,1932,FALSE
"19","Massachusetts",50.64,1932,FALSE
"20","Michigan",52.36,1932,FALSE
"21","Minnesota",59.91,1932,FALSE
"22","Mississippi",95.98,1932,TRUE
"23","Missouri",63.69,1932,FALSE
"24","Montana",58.8,1932,FALSE
"25","Nebraska",62.98,1932,FALSE
"26","Nevada",69.41,1932,FALSE
"27","New Hampshire",48.99,1932,FALSE
"28","New Jersey",49.48,1932,FALSE
"29","New Mexico",62.72,1932,FALSE
"30","New York",54.07,1932,FALSE
"31","North Carolina",69.93,1932,TRUE
"32","North Dakota",69.59,1932,FALSE
"33","Ohio",49.88,1932,FALSE
"34","Oklahoma",73.3,1932,FALSE
"35","Oregon",58,1932,FALSE
"36","Pennsylvania",45.33,1932,FALSE
"37","Rhode Island",55.08,1932,FALSE
"38","South Carolina",98.03,1932,TRUE
"39","South Dakota",63.62,1932,FALSE
"40","Tennessee",66.48,1932,TRUE
"41","Texas",88.19,1932,TRUE
"42","Utah",56.52,1932,FALSE
"43","Vermont",41.08,1932,FALSE
"44","Virginia",68.46,1932,TRUE
"45","Washington",57.46,1932,FALSE
"46","West Virginia",54.47,1932,FALSE
"47","Wisconsin",63.46,1932,FALSE
"48","Wyoming",56.07,1932,FALSE
"49","Alabama",86.38,1936,TRUE
"50","Arizona",69.85,1936,FALSE
"51","Arkansas",81.79,1936,TRUE
"52","California",66.95,1936,FALSE
"53","Colorado",60.37,1936,FALSE
"54","Connecticut",55.32,1936,FALSE
"55","Delaware",54.62,1936,FALSE
"56","Florida",76.08,1936,TRUE
"57","Georgia",87.1,1936,TRUE
"58","Idaho",62.96,1936,FALSE
"59","Illinois",57.7,1936,FALSE
"60","Indiana",56.63,1936,FALSE
"61","Iowa",54.41,1936,FALSE
"62","Kansas",53.67,1936,FALSE
"63","Kentucky",58.51,1936,FALSE
"64","Louisiana",88.82,1936,TRUE
"65","Maine",41.52,1936,FALSE
"66","Maryland",62.35,1936,FALSE
"67","Massachusetts",51.22,1936,FALSE
"68","Michigan",56.33,1936,FALSE
"69","Minnesota",61.84,1936,FALSE
"70","Mississippi",97.03,1936,TRUE
"71","Missouri",60.76,1936,FALSE
"72","Montana",69.28,1936,FALSE
"73","Nebraska",57.14,1936,FALSE
"74","Nevada",72.81,1936,FALSE
"75","New Hampshire",49.73,1936,FALSE
"76","New Jersey",59.54,1936,FALSE
"77","New Mexico",62.69,1936,FALSE
"78","New York",58.85,1936,FALSE
"79","North Carolina",73.4,1936,TRUE
"80","North Dakota",59.6,1936,FALSE
"81","Ohio",57.99,1936,FALSE
"82","Oklahoma",66.83,1936,FALSE
"83","Oregon",64.41,1936,FALSE
"84","Pennsylvania",56.88,1936,FALSE
"85","Rhode Island",52.96,1936,FALSE
"86","South Carolina",98.57,1936,TRUE
"87","South Dakota",54.02,1936,FALSE
"88","Tennessee",68.77,1936,TRUE
"89","Texas",87.08,1936,TRUE
"90","Utah",69.34,1936,FALSE
"91","Vermont",43.24,1936,FALSE
"92","Virginia",70.23,1936,TRUE
"93","Washington",66.38,1936,FALSE
"94","West Virginia",60.56,1936,FALSE
"95","Wisconsin",63.8,1936,FALSE
"96","Wyoming",60.58,1936,FALSE
"97","Alabama",85.22,1940,TRUE
"98","Arizona",63.49,1940,FALSE
"99","Arkansas",78.44,1940,TRUE
"100","California",57.44,1940,FALSE
"101","Colorado",48.37,1940,FALSE
"102","Connecticut",53.44,1940,FALSE
"103","Delaware",54.7,1940,FALSE
"104","Florida",73.99,1940,TRUE
"105","Georgia",84.81,1940,TRUE
"106","Idaho",54.36,1940,FALSE
"107","Illinois",50.97,1940,FALSE
"108","Indiana",49.03,1940,FALSE
"109","Iowa",47.62,1940,FALSE
"110","Kansas",42.4,1940,FALSE
"111","Kentucky",57.45,1940,FALSE
"112","Louisiana",85.88,1940,TRUE
"113","Maine",48.77,1940,FALSE
"114","Maryland",58.26,1940,FALSE
"115","Massachusetts",53.11,1940,FALSE
"116","Michigan",49.52,1940,FALSE
"117","Minnesota",51.49,1940,FALSE
"118","Mississippi",95.7,1940,TRUE
"119","Missouri",52.27,1940,FALSE
"120","Montana",58.78,1940,FALSE
"121","Nebraska",42.81,1940,FALSE
"122","Nevada",60.08,1940,FALSE
"123","New Hampshire",53.22,1940,FALSE
"124","New Jersey",51.55,1940,FALSE
"125","New Mexico",56.59,1940,FALSE
"126","New York",51.6,1940,FALSE
"127","North Carolina",74.03,1940,TRUE
"128","North Dakota",44.18,1940,FALSE
"129","Ohio",52.2,1940,FALSE
"130","Oklahoma",57.41,1940,FALSE
"131","Oregon",53.7,1940,FALSE
"132","Pennsylvania",53.23,1940,FALSE
"133","Rhode Island",56.73,1940,FALSE
"134","South Carolina",95.63,1940,TRUE
"135","South Dakota",42.59,1940,FALSE
"136","Tennessee",67.25,1940,TRUE
"137","Texas",80.93,1940,TRUE
"138","Utah",62.25,1940,FALSE
"139","Vermont",44.92,1940,FALSE
"140","Virginia",68.08,1940,TRUE
"141","Washington",58.22,1940,FALSE
"142","West Virginia",57.1,1940,FALSE
"143","Wisconsin",50.15,1940,FALSE
"144","Wyoming",52.82,1940,FALSE
"145","Alabama",81.28,1944,TRUE
"146","Arizona",58.8,1944,FALSE
"147","Arkansas",69.95,1944,TRUE
"148","California",56.48,1944,FALSE
"149","Colorado",46.4,1944,FALSE
"150","Connecticut",52.3,1944,FALSE
"151","Delaware",54.38,1944,FALSE
"152","Florida",70.29,1944,TRUE
"153","Georgia",81.73,1944,TRUE
"154","Idaho",51.55,1944,FALSE
"155","Illinois",51.52,1944,FALSE
"156","Indiana",46.73,1944,FALSE
"157","Iowa",47.49,1944,FALSE
"158","Kansas",39.18,1944,FALSE
"159","Kentucky",54.45,1944,FALSE
"160","Louisiana",80.59,1944,TRUE
"161","Maine",47.45,1944,FALSE
"162","Maryland",51.85,1944,FALSE
"163","Massachusetts",52.8,1944,FALSE
"164","Michigan",50.19,1944,FALSE
"165","Minnesota",52.41,1944,FALSE
"166","Mississippi",93.56,1944,TRUE
"167","Missouri",51.37,1944,FALSE
"168","Montana",54.28,1944,FALSE
"169","Nebraska",41.42,1944,FALSE
"170","Nevada",54.62,1944,FALSE
"171","New Hampshire",52.11,1944,FALSE
"172","New Jersey",50.31,1944,FALSE
"173","New Mexico",53.47,1944,FALSE
"174","New York",52.31,1944,FALSE
"175","North Carolina",66.71,1944,TRUE
"176","North Dakota",45.48,1944,FALSE
"177","Ohio",49.82,1944,FALSE
"178","Oklahoma",55.57,1944,FALSE
"179","Oregon",51.78,1944,FALSE
"180","Pennsylvania",51.14,1944,FALSE
"181","Rhode Island",58.59,1944,FALSE
"182","South Carolina",87.64,1944,TRUE
"183","South Dakota",41.67,1944,FALSE
"184","Tennessee",60.45,1944,TRUE
"185","Texas",71.42,1944,TRUE
"186","Utah",60.44,1944,FALSE
"187","Vermont",42.93,1944,FALSE
"188","Virginia",62.36,1944,TRUE
"189","Washington",56.84,1944,FALSE
"190","West Virginia",54.89,1944,FALSE
"191","Wisconsin",48.57,1944,FALSE
"192","Wyoming",48.77,1944,FALSE
"194","Arizona",53.79,1948,FALSE
"195","Arkansas",61.72,1948,TRUE
"196","California",47.57,1948,FALSE
"197","Colorado",51.88,1948,FALSE
"198","Connecticut",47.91,1948,FALSE
"199","Delaware",48.76,1948,FALSE
"200","Florida",48.82,1948,TRUE
"201","Georgia",60.8,1948,TRUE
"202","Idaho",49.98,1948,FALSE
"203","Illinois",50.07,1948,FALSE
"204","Indiana",48.78,1948,FALSE
"205","Iowa",50.31,1948,FALSE
"206","Kansas",44.61,1948,FALSE
"207","Kentucky",56.74,1948,FALSE
"208","Louisiana",32.75,1948,TRUE
"209","Maine",42.27,1948,FALSE
"210","Maryland",48.01,1948,FALSE
"211","Massachusetts",54.66,1948,FALSE
"212","Michigan",47.57,1948,FALSE
"213","Minnesota",57.16,1948,FALSE
"214","Mississippi",10.09,1948,TRUE
"215","Missouri",58.11,1948,FALSE
"216","Montana",53.09,1948,FALSE
"217","Nebraska",45.85,1948,FALSE
"218","Nevada",50.37,1948,FALSE
"219","New Hampshire",46.66,1948,FALSE
"220","New Jersey",45.93,1948,FALSE
"221","New Mexico",56.38,1948,FALSE
"222","New York",45.01,1948,FALSE
"223","North Carolina",58.02,1948,TRUE
"224","North Dakota",43.41,1948,FALSE
"225","Ohio",49.48,1948,FALSE
"226","Oklahoma",62.75,1948,FALSE
"227","Oregon",46.4,1948,FALSE
"228","Pennsylvania",46.91,1948,FALSE
"229","Rhode Island",57.59,1948,FALSE
"230","South Carolina",24.14,1948,TRUE
"231","South Dakota",47.04,1948,FALSE
"232","Tennessee",49.14,1948,TRUE
"233","Texas",65.96,1948,TRUE
"234","Utah",53.98,1948,FALSE
"235","Vermont",36.92,1948,FALSE
"236","Virginia",47.89,1948,TRUE
"237","Washington",52.61,1948,FALSE
"238","West Virginia",57.32,1948,FALSE
"239","Wisconsin",50.7,1948,FALSE
"240","Wyoming",51.62,1948,FALSE
"241","Alabama",64.55,1952,TRUE
"242","Arizona",41.65,1952,FALSE
"243","Arkansas",55.9,1952,TRUE
"244","California",42.74,1952,FALSE
"245","Colorado",38.96,1952,FALSE
"246","Connecticut",43.91,1952,FALSE
"247","Delaware",47.88,1952,FALSE
"248","Florida",44.97,1952,TRUE
"249","Georgia",69.66,1952,TRUE
"250","Idaho",34.42,1952,FALSE
"251","Illinois",44.94,1952,FALSE
"252","Indiana",40.99,1952,FALSE
"253","Iowa",35.59,1952,FALSE
"254","Kansas",30.5,1952,FALSE
"255","Kentucky",49.91,1952,FALSE
"256","Louisiana",52.92,1952,TRUE
"257","Maine",33.77,1952,FALSE
"258","Maryland",43.83,1952,FALSE
"259","Massachusetts",45.46,1952,FALSE
"260","Michigan",43.97,1952,FALSE
"261","Minnesota",44.11,1952,FALSE
"262","Mississippi",60.44,1952,TRUE
"263","Missouri",49.14,1952,FALSE
"264","Montana",40.07,1952,FALSE
"265","Nebraska",30.85,1952,FALSE
"266","Nevada",38.55,1952,FALSE
"267","New Hampshire",39.08,1952,FALSE
"268","New Jersey",42,1952,FALSE
"269","New Mexico",44.28,1952,FALSE
"270","New York",43.55,1952,FALSE
"271","North Carolina",53.91,1952,TRUE
"272","North Dakota",28.39,1952,FALSE
"273","Ohio",43.24,1952,FALSE
"274","Oklahoma",45.41,1952,FALSE
"275","Oregon",38.93,1952,FALSE
"276","Pennsylvania",46.85,1952,FALSE
"277","Rhode Island",49.05,1952,FALSE
"278","South Carolina",50.72,1952,TRUE
"279","South Dakota",30.73,1952,FALSE
"280","Tennessee",49.71,1952,TRUE
"281","Texas",46.69,1952,TRUE
"282","Utah",41.07,1952,FALSE
"283","Vermont",28.23,1952,FALSE
"284","Virginia",43.36,1952,TRUE
"285","Washington",44.69,1952,FALSE
"286","West Virginia",51.92,1952,FALSE
"287","Wisconsin",38.71,1952,FALSE
"288","Wyoming",37.09,1952,FALSE
"289","Alabama",56.52,1956,TRUE
"290","Arizona",38.9,1956,FALSE
"291","Arkansas",52.46,1956,TRUE
"292","California",44.27,1956,FALSE
"293","Colorado",39.26,1956,FALSE
"294","Connecticut",36.26,1956,FALSE
"295","Delaware",44.62,1956,FALSE
"296","Florida",42.67,1956,TRUE
"297","Georgia",66.41,1956,TRUE
"298","Idaho",38.78,1956,FALSE
"299","Illinois",40.29,1956,FALSE
"300","Indiana",39.7,1956,FALSE
"301","Iowa",40.65,1956,FALSE
"302","Kansas",34.21,1956,FALSE
"303","Kentucky",45.21,1956,FALSE
"304","Louisiana",39.51,1956,TRUE
"305","Maine",29.13,1956,FALSE
"306","Maryland",39.94,1956,FALSE
"307","Massachusetts",40.37,1956,FALSE
"308","Michigan",44.15,1956,FALSE
"309","Minnesota",46.08,1956,FALSE
"310","Mississippi",58.22,1956,TRUE
"311","Missouri",50.11,1956,FALSE
"312","Montana",42.87,1956,FALSE
"313","Nebraska",34.49,1956,FALSE
"314","Nevada",42.03,1956,FALSE
"315","New Hampshire",33.84,1956,FALSE
"316","New Jersey",34.23,1956,FALSE
"317","New Mexico",41.78,1956,FALSE
"318","New York",38.73,1956,FALSE
"319","North Carolina",50.66,1956,TRUE
"320","North Dakota",38.09,1956,FALSE
"321","Ohio",38.89,1956,FALSE
"322","Oklahoma",44.87,1956,FALSE
"323","Oregon",44.72,1956,FALSE
"324","Pennsylvania",43.3,1956,FALSE
"325","Rhode Island",41.74,1956,FALSE
"326","South Carolina",45.37,1956,TRUE
"327","South Dakota",41.61,1956,FALSE
"328","Tennessee",48.6,1956,TRUE
"329","Texas",43.98,1956,TRUE
"330","Utah",35.44,1956,FALSE
"331","Vermont",27.81,1956,FALSE
"332","Virginia",38.36,1956,TRUE
"333","Washington",45.44,1956,FALSE
"334","West Virginia",45.92,1956,FALSE
"335","Wisconsin",37.84,1956,FALSE
"336","Wyoming",39.92,1956,FALSE
"337","Alabama",56.83,1960,TRUE
"338","Alaska",49.06,1960,FALSE
"339","Arizona",44.36,1960,FALSE
"340","Arkansas",50.19,1960,TRUE
"341","California",49.55,1960,FALSE
"342","Colorado",44.91,1960,FALSE
"343","Connecticut",53.73,1960,FALSE
"344","Delaware",50.63,1960,FALSE
"345","Florida",48.49,1960,TRUE
"346","Georgia",62.54,1960,TRUE
"347","Hawaii",50.03,1960,FALSE
"348","Idaho",46.22,1960,FALSE
"349","Illinois",49.98,1960,FALSE
"350","Indiana",44.6,1960,FALSE
"351","Iowa",43.22,1960,FALSE
"352","Kansas",39.1,1960,FALSE
"353","Kentucky",46.41,1960,FALSE
"354","Louisiana",50.42,1960,TRUE
"355","Maine",42.95,1960,FALSE
"356","Maryland",53.61,1960,FALSE
"357","Massachusetts",60.22,1960,FALSE
"358","Michigan",50.85,1960,FALSE
"359","Minnesota",50.58,1960,FALSE
"360","Mississippi",36.34,1960,TRUE
"361","Missouri",50.26,1960,FALSE
"362","Montana",48.6,1960,FALSE
"363","Nebraska",37.93,1960,FALSE
"364","Nevada",51.16,1960,FALSE
"365","New Hampshire",46.58,1960,FALSE
"366","New Jersey",49.96,1960,FALSE
"367","New Mexico",50.15,1960,FALSE
"368","New York",52.53,1960,FALSE
"369","North Carolina",52.11,1960,TRUE
"370","North Dakota",44.52,1960,FALSE
"371","Ohio",46.72,1960,FALSE
"372","Oklahoma",40.98,1960,FALSE
"373","Oregon",47.32,1960,FALSE
"374","Pennsylvania",51.06,1960,FALSE
"375","Rhode Island",63.63,1960,FALSE
"376","South Carolina",51.24,1960,TRUE
"377","South Dakota",41.79,1960,FALSE
"378","Tennessee",45.77,1960,TRUE
"379","Texas",50.52,1960,TRUE
"380","Utah",45.17,1960,FALSE
"381","Vermont",41.35,1960,FALSE
"382","Virginia",46.97,1960,TRUE
"383","Washington",48.27,1960,FALSE
"384","West Virginia",52.73,1960,FALSE
"385","Wisconsin",48.05,1960,FALSE
"386","Wyoming",44.99,1960,FALSE
"388","Alaska",65.91,1964,FALSE
"389","Arizona",49.45,1964,FALSE
"390","Arkansas",56.06,1964,TRUE
"391","California",59.11,1964,FALSE
"392","Colorado",61.27,1964,FALSE
"393","Connecticut",67.81,1964,FALSE
"394","Delaware",60.95,1964,FALSE
"395","DC",85.5,1964,FALSE
"396","Florida",51.15,1964,TRUE
"397","Georgia",45.87,1964,TRUE
"398","Hawaii",78.76,1964,FALSE
"399","Idaho",50.92,1964,FALSE
"400","Illinois",59.47,1964,FALSE
"401","Indiana",55.98,1964,FALSE
"402","Iowa",61.88,1964,FALSE
"403","Kansas",54.09,1964,FALSE
"404","Kentucky",64.01,1964,FALSE
"405","Louisiana",43.19,1964,TRUE
"406","Maine",68.84,1964,FALSE
"407","Maryland",65.47,1964,FALSE
"408","Massachusetts",76.19,1964,FALSE
"409","Michigan",66.7,1964,FALSE
"410","Minnesota",63.76,1964,FALSE
"411","Mississippi",12.86,1964,TRUE
"412","Missouri",64.05,1964,FALSE
"413","Montana",58.95,1964,FALSE
"414","Nebraska",52.61,1964,FALSE
"415","Nevada",58.58,1964,FALSE
"416","New Hampshire",63.89,1964,FALSE
"417","New Jersey",65.61,1964,FALSE
"418","New Mexico",59.03,1964,FALSE
"419","New York",68.56,1964,FALSE
"420","North Carolina",56.15,1964,TRUE
"421","North Dakota",57.97,1964,FALSE
"422","Ohio",62.94,1964,FALSE
"423","Oklahoma",55.75,1964,FALSE
"424","Oregon",63.72,1964,FALSE
"425","Pennsylvania",64.92,1964,FALSE
"426","Rhode Island",80.87,1964,FALSE
"427","South Carolina",41.11,1964,TRUE
"428","South Dakota",55.61,1964,FALSE
"429","Tennessee",55.5,1964,TRUE
"430","Texas",63.32,1964,TRUE
"431","Utah",54.71,1964,FALSE
"432","Vermont",66.3,1964,FALSE
"433","Virginia",53.54,1964,TRUE
"434","Washington",61.97,1964,FALSE
"435","West Virginia",67.94,1964,FALSE
"436","Wisconsin",62.09,1964,FALSE
"437","Wyoming",56.56,1964,FALSE
"438","Alabama",18.72,1968,TRUE
"439","Alaska",42.65,1968,FALSE
"440","Arizona",35.02,1968,FALSE
"441","Arkansas",30.36,1968,TRUE
"442","California",44.74,1968,FALSE
"443","Colorado",41.32,1968,FALSE
"444","Connecticut",49.48,1968,FALSE
"445","Delaware",41.61,1968,FALSE
"446","DC",81.82,1968,FALSE
"447","Florida",30.93,1968,TRUE
"448","Georgia",26.75,1968,TRUE
"449","Hawaii",59.83,1968,FALSE
"450","Idaho",30.66,1968,FALSE
"451","Illinois",44.15,1968,FALSE
"452","Indiana",37.99,1968,FALSE
"453","Iowa",40.82,1968,FALSE
"454","Kansas",34.72,1968,FALSE
"455","Kentucky",37.65,1968,FALSE
"456","Louisiana",28.21,1968,TRUE
"457","Maine",55.3,1968,FALSE
"458","Maryland",43.59,1968,FALSE
"459","Massachusetts",63.01,1968,FALSE
"460","Michigan",48.18,1968,FALSE
"461","Minnesota",54,1968,FALSE
"462","Mississippi",23.02,1968,TRUE
"463","Missouri",43.74,1968,FALSE
"464","Montana",41.59,1968,FALSE
"465","Nebraska",31.81,1968,FALSE
"466","Nevada",39.29,1968,FALSE
"467","New Hampshire",43.93,1968,FALSE
"468","New Jersey",43.97,1968,FALSE
"469","New Mexico",39.74,1968,FALSE
"470","New York",49.74,1968,FALSE
"471","North Carolina",29.24,1968,TRUE
"472","North Dakota",38.23,1968,FALSE
"473","Ohio",42.95,1968,FALSE
"474","Oklahoma",31.99,1968,FALSE
"475","Oregon",43.78,1968,FALSE
"476","Pennsylvania",47.59,1968,FALSE
"477","Rhode Island",64.03,1968,FALSE
"478","South Carolina",29.61,1968,TRUE
"479","South Dakota",41.96,1968,FALSE
"480","Tennessee",28.13,1968,TRUE
"481","Texas",41.14,1968,TRUE
"482","Utah",37.07,1968,FALSE
"483","Vermont",43.53,1968,FALSE
"484","Virginia",32.49,1968,TRUE
"485","Washington",47.23,1968,FALSE
"486","West Virginia",49.6,1968,FALSE
"487","Wisconsin",44.27,1968,FALSE
"488","Wyoming",35.51,1968,FALSE
"489","Alabama",25.54,1972,TRUE
"490","Alaska",34.62,1972,FALSE
"491","Arizona",31.87,1972,FALSE
"492","Arkansas",30.69,1972,TRUE
"493","California",41.54,1972,FALSE
"494","Colorado",34.59,1972,FALSE
"495","Connecticut",40.13,1972,FALSE
"496","Delaware",39.18,1972,FALSE
"497","DC",78.1,1972,FALSE
"498","Florida",27.8,1972,TRUE
"499","Georgia",24.65,1972,TRUE
"500","Hawaii",37.52,1972,FALSE
"501","Idaho",26.04,1972,FALSE
"502","Illinois",40.51,1972,FALSE
"503","Indiana",33.34,1972,FALSE
"504","Iowa",40.48,1972,FALSE
"505","Kansas",29.5,1972,FALSE
"506","Kentucky",34.77,1972,FALSE
"507","Louisiana",28.35,1972,TRUE
"508","Maine",38.51,1972,FALSE
"509","Maryland",37.36,1972,FALSE
"510","Massachusetts",54.2,1972,FALSE
"511","Michigan",41.82,1972,FALSE
"512","Minnesota",46.07,1972,FALSE
"513","Mississippi",19.63,1972,TRUE
"514","Missouri",37.57,1972,FALSE
"515","Montana",37.85,1972,FALSE
"516","Nebraska",29.5,1972,FALSE
"517","Nevada",36.32,1972,FALSE
"518","New Hampshire",34.86,1972,FALSE
"519","New Jersey",36.77,1972,FALSE
"520","New Mexico",36.53,1972,FALSE
"521","New York",41.18,1972,FALSE
"522","North Carolina",28.89,1972,TRUE
"523","North Dakota",35.79,1972,FALSE
"524","Ohio",38.07,1972,FALSE
"525","Oklahoma",24,1972,FALSE
"526","Oregon",42.33,1972,FALSE
"527","Pennsylvania",39.13,1972,FALSE
"528","Rhode Island",46.81,1972,FALSE
"529","South Carolina",27.72,1972,TRUE
"530","South Dakota",45.52,1972,FALSE
"531","Tennessee",29.75,1972,TRUE
"532","Texas",33.25,1972,TRUE
"533","Utah",26.39,1972,FALSE
"534","Vermont",36.47,1972,FALSE
"535","Virginia",30.12,1972,TRUE
"536","Washington",38.64,1972,FALSE
"537","West Virginia",36.39,1972,FALSE
"538","Wisconsin",43.72,1972,FALSE
"539","Wyoming",30.47,1972,FALSE
"540","Alabama",55.73,1976,TRUE
"541","Alaska",35.65,1976,FALSE
"542","Arizona",39.8,1976,FALSE
"543","Arkansas",64.96,1976,TRUE
"544","California",47.57,1976,FALSE
"545","Colorado",42.56,1976,FALSE
"546","Connecticut",46.9,1976,FALSE
"547","Delaware",51.98,1976,FALSE
"548","DC",81.63,1976,FALSE
"549","Florida",51.93,1976,TRUE
"550","Georgia",66.74,1976,TRUE
"551","Hawaii",50.59,1976,FALSE
"552","Idaho",36.78,1976,FALSE
"553","Illinois",48.13,1976,FALSE
"554","Indiana",45.7,1976,FALSE
"555","Iowa",48.46,1976,FALSE
"556","Kansas",44.94,1976,FALSE
"557","Kentucky",52.75,1976,FALSE
"558","Louisiana",51.73,1976,TRUE
"559","Maine",48.07,1976,FALSE
"560","Maryland",52.75,1976,FALSE
"561","Massachusetts",56.11,1976,FALSE
"562","Michigan",46.44,1976,FALSE
"563","Minnesota",54.9,1976,FALSE
"564","Mississippi",49.56,1976,TRUE
"565","Missouri",51.1,1976,FALSE
"566","Montana",45.4,1976,FALSE
"567","Nebraska",38.46,1976,FALSE
"568","Nevada",45.81,1976,FALSE
"569","New Hampshire",43.47,1976,FALSE
"570","New Jersey",47.92,1976,FALSE
"571","New Mexico",48.07,1976,FALSE
"572","New York",51.87,1976,FALSE
"573","North Carolina",55.24,1976,TRUE
"574","North Dakota",45.79,1976,FALSE
"575","Ohio",48.92,1976,FALSE
"576","Oklahoma",48.75,1976,FALSE
"577","Oregon",47.62,1976,FALSE
"578","Pennsylvania",50.4,1976,FALSE
"579","Rhode Island",55.36,1976,FALSE
"580","South Carolina",56.17,1976,TRUE
"581","South Dakota",48.91,1976,FALSE
"582","Tennessee",55.94,1976,TRUE
"583","Texas",51.14,1976,TRUE
"584","Utah",33.65,1976,FALSE
"585","Vermont",43.11,1976,FALSE
"586","Virginia",47.96,1976,TRUE
"587","Washington",46.11,1976,FALSE
"588","West Virginia",58.05,1976,FALSE
"589","Wisconsin",49.44,1976,FALSE
"590","Wyoming",39.81,1976,FALSE
"591","Alabama",47.45,1980,TRUE
"592","Alaska",26.41,1980,FALSE
"593","Arizona",28.24,1980,FALSE
"594","Arkansas",47.52,1980,TRUE
"595","California",35.91,1980,FALSE
"596","Colorado",31.07,1980,FALSE
"597","Connecticut",38.52,1980,FALSE
"598","Delaware",44.83,1980,FALSE
"599","DC",74.82,1980,FALSE
"600","Florida",38.5,1980,TRUE
"601","Georgia",55.79,1980,TRUE
"602","Hawaii",44.8,1980,FALSE
"603","Idaho",25.19,1980,FALSE
"604","Illinois",41.72,1980,FALSE
"605","Indiana",37.65,1980,FALSE
"606","Iowa",38.6,1980,FALSE
"607","Kansas",33.29,1980,FALSE
"608","Kentucky",47.61,1980,FALSE
"609","Louisiana",45.75,1980,TRUE
"610","Maine",42.25,1980,FALSE
"611","Maryland",47.14,1980,FALSE
"612","Massachusetts",41.75,1980,FALSE
"613","Michigan",42.5,1980,FALSE
"614","Minnesota",46.5,1980,FALSE
"615","Mississippi",48.09,1980,TRUE
"616","Missouri",44.35,1980,FALSE
"617","Montana",32.43,1980,FALSE
"618","Nebraska",26.04,1980,FALSE
"619","Nevada",26.89,1980,FALSE
"620","New Hampshire",28.35,1980,FALSE
"621","New Jersey",38.56,1980,FALSE
"622","New Mexico",36.73,1980,FALSE
"623","New York",43.99,1980,FALSE
"624","North Carolina",47.18,1980,TRUE
"625","North Dakota",26.26,1980,FALSE
"626","Ohio",40.91,1980,FALSE
"627","Oklahoma",34.97,1980,FALSE
"628","Oregon",38.67,1980,FALSE
"629","Pennsylvania",42.48,1980,FALSE
"630","Rhode Island",47.67,1980,FALSE
"631","South Carolina",48.14,1980,TRUE
"632","South Dakota",31.69,1980,FALSE
"633","Tennessee",48.41,1980,TRUE
"634","Texas",41.42,1980,TRUE
"635","Utah",20.57,1980,FALSE
"636","Vermont",38.42,1980,FALSE
"637","Virginia",40.31,1980,TRUE
"638","Washington",37.32,1980,FALSE
"639","West Virginia",49.81,1980,FALSE
"640","Wisconsin",43.18,1980,FALSE
"641","Wyoming",27.97,1980,FALSE
"642","Alabama",38.28,1984,TRUE
"643","Alaska",29.87,1984,FALSE
"644","Arizona",32.54,1984,FALSE
"645","Arkansas",38.29,1984,TRUE
"646","California",41.27,1984,FALSE
"647","Colorado",35.12,1984,FALSE
"648","Connecticut",38.83,1984,FALSE
"649","Delaware",39.93,1984,FALSE
"650","DC",85.38,1984,FALSE
"651","Florida",34.66,1984,TRUE
"652","Georgia",39.78,1984,TRUE
"653","Hawaii",43.82,1984,FALSE
"654","Idaho",26.39,1984,FALSE
"655","Illinois",43.3,1984,FALSE
"656","Indiana",37.68,1984,FALSE
"657","Iowa",45.89,1984,FALSE
"658","Kansas",32.6,1984,FALSE
"659","Kentucky",39.4,1984,FALSE
"660","Louisiana",38.18,1984,TRUE
"661","Maine",38.78,1984,FALSE
"662","Maryland",47.02,1984,FALSE
"663","Massachusetts",48.43,1984,FALSE
"664","Michigan",40.24,1984,FALSE
"665","Minnesota",49.72,1984,FALSE
"666","Mississippi",37.42,1984,TRUE
"667","Missouri",39.98,1984,FALSE
"668","Montana",38.18,1984,FALSE
"669","Nebraska",28.81,1984,FALSE
"670","Nevada",31.97,1984,FALSE
"671","New Hampshire",30.94,1984,FALSE
"672","New Jersey",39.2,1984,FALSE
"673","New Mexico",39.23,1984,FALSE
"674","New York",45.83,1984,FALSE
"675","North Carolina",37.89,1984,TRUE
"676","North Dakota",33.8,1984,FALSE
"677","Ohio",40.14,1984,FALSE
"678","Oklahoma",30.67,1984,FALSE
"679","Oregon",43.74,1984,FALSE
"680","Pennsylvania",45.99,1984,FALSE
"681","Rhode Island",48.02,1984,FALSE
"682","South Carolina",35.57,1984,TRUE
"683","South Dakota",36.53,1984,FALSE
"684","Tennessee",41.57,1984,TRUE
"685","Texas",36.11,1984,TRUE
"686","Utah",24.68,1984,FALSE
"687","Vermont",40.81,1984,FALSE
"688","Virginia",37.09,1984,TRUE
"689","Washington",42.86,1984,FALSE
"690","West Virginia",44.6,1984,FALSE
"691","Wisconsin",45.02,1984,FALSE
"692","Wyoming",28.24,1984,FALSE
"693","Alabama",39.86,1988,TRUE
"694","Alaska",36.27,1988,FALSE
"695","Arizona",38.74,1988,FALSE
"696","Arkansas",42.19,1988,TRUE
"697","California",47.56,1988,FALSE
"698","Colorado",45.28,1988,FALSE
"699","Connecticut",46.87,1988,FALSE
"700","Delaware",43.48,1988,FALSE
"701","DC",82.65,1988,FALSE
"702","Florida",38.51,1988,TRUE
"703","Georgia",39.5,1988,TRUE
"704","Hawaii",54.27,1988,FALSE
"705","Idaho",36.01,1988,FALSE
"706","Illinois",48.6,1988,FALSE
"707","Indiana",39.69,1988,FALSE
"708","Iowa",54.71,1988,FALSE
"709","Kansas",42.56,1988,FALSE
"710","Kentucky",43.88,1988,FALSE
"711","Louisiana",44.06,1988,TRUE
"712","Maine",43.88,1988,FALSE
"713","Maryland",48.2,1988,FALSE
"714","Massachusetts",53.23,1988,FALSE
"715","Michigan",45.67,1988,FALSE
"716","Minnesota",52.91,1988,FALSE
"717","Mississippi",39.07,1988,TRUE
"718","Missouri",47.84,1988,FALSE
"719","Montana",46.2,1988,FALSE
"720","Nebraska",39.2,1988,FALSE
"721","Nevada",37.92,1988,FALSE
"722","New Hampshire",36.29,1988,FALSE
"723","New Jersey",42.6,1988,FALSE
"724","New Mexico",46.9,1988,FALSE
"725","New York",51.62,1988,FALSE
"726","North Carolina",41.71,1988,TRUE
"727","North Dakota",42.97,1988,FALSE
"728","Ohio",44.15,1988,FALSE
"729","Oklahoma",41.28,1988,FALSE
"730","Oregon",51.28,1988,FALSE
"731","Pennsylvania",48.39,1988,FALSE
"732","Rhode Island",55.64,1988,FALSE
"733","South Carolina",37.58,1988,TRUE
"734","South Dakota",46.51,1988,FALSE
"735","Tennessee",41.55,1988,TRUE
"736","Texas",43.35,1988,TRUE
"737","Utah",32.05,1988,FALSE
"738","Vermont",47.58,1988,FALSE
"739","Virginia",39.23,1988,TRUE
"740","Washington",50.05,1988,FALSE
"741","West Virginia",52.2,1988,FALSE
"742","Wisconsin",51.41,1988,FALSE
"743","Wyoming",38.01,1988,FALSE
"744","Alabama",40.88,1992,TRUE
"745","Alaska",30.29,1992,FALSE
"746","Arizona",36.52,1992,FALSE
"747","Arkansas",53.21,1992,TRUE
"748","California",46.01,1992,FALSE
"749","Colorado",40.13,1992,FALSE
"750","Connecticut",42.21,1992,FALSE
"751","Delaware",43.51,1992,FALSE
"752","DC",84.64,1992,FALSE
"753","Florida",39,1992,TRUE
"754","Georgia",43.47,1992,TRUE
"755","Hawaii",48.09,1992,FALSE
"756","Idaho",28.42,1992,FALSE
"757","Illinois",48.58,1992,FALSE
"758","Indiana",36.79,1992,FALSE
"759","Iowa",43.29,1992,FALSE
"760","Kansas",33.74,1992,FALSE
"761","Kentucky",44.55,1992,FALSE
"762","Louisiana",45.58,1992,TRUE
"763","Maine",38.77,1992,FALSE
"764","Maryland",49.8,1992,FALSE
"765","Massachusetts",47.54,1992,FALSE
"766","Michigan",43.77,1992,FALSE
"767","Minnesota",43.48,1992,FALSE
"768","Mississippi",40.77,1992,TRUE
"769","Missouri",44.07,1992,FALSE
"770","Montana",37.63,1992,FALSE
"771","Nebraska",29.4,1992,FALSE
"772","Nevada",37.36,1992,FALSE
"773","New Hampshire",38.86,1992,FALSE
"774","New Jersey",42.95,1992,FALSE
"775","New Mexico",45.9,1992,FALSE
"776","New York",49.73,1992,FALSE
"777","North Carolina",42.65,1992,TRUE
"778","North Dakota",32.18,1992,FALSE
"779","Ohio",40.18,1992,FALSE
"780","Oklahoma",34.02,1992,FALSE
"781","Oregon",42.48,1992,FALSE
"782","Pennsylvania",45.15,1992,FALSE
"783","Rhode Island",47.04,1992,FALSE
"784","South Carolina",39.88,1992,TRUE
"785","South Dakota",37.14,1992,FALSE
"786","Tennessee",47.08,1992,TRUE
"787","Texas",37.08,1992,TRUE
"788","Utah",24.65,1992,FALSE
"789","Vermont",46.11,1992,FALSE
"790","Virginia",40.59,1992,TRUE
"791","Washington",43.4,1992,FALSE
"792","West Virginia",48.41,1992,FALSE
"793","Wisconsin",41.13,1992,FALSE
"794","Wyoming",33.98,1992,FALSE
"795","Alabama",43.16,1996,TRUE
"796","Alaska",33.27,1996,FALSE
"797","Arizona",46.52,1996,FALSE
"798","Arkansas",53.74,1996,TRUE
"799","California",51.1,1996,FALSE
"800","Colorado",44.43,1996,FALSE
"801","Connecticut",52.83,1996,FALSE
"802","Delaware",51.82,1996,FALSE
"803","DC",85.19,1996,FALSE
"804","Florida",48.02,1996,TRUE
"805","Georgia",45.84,1996,TRUE
"806","Hawaii",56.93,1996,FALSE
"807","Idaho",33.65,1996,FALSE
"808","Illinois",54.32,1996,FALSE
"809","Indiana",41.55,1996,FALSE
"810","Iowa",50.26,1996,FALSE
"811","Kansas",36.08,1996,FALSE
"812","Kentucky",45.84,1996,FALSE
"813","Louisiana",52.01,1996,TRUE
"814","Maine",51.62,1996,FALSE
"815","Maryland",54.25,1996,FALSE
"816","Massachusetts",61.47,1996,FALSE
"817","Michigan",51.69,1996,FALSE
"818","Minnesota",51.1,1996,FALSE
"819","Mississippi",44.08,1996,TRUE
"820","Missouri",47.54,1996,FALSE
"821","Montana",41.23,1996,FALSE
"822","Nebraska",34.95,1996,FALSE
"823","Nevada",43.93,1996,FALSE
"824","New Hampshire",49.32,1996,FALSE
"825","New Jersey",53.72,1996,FALSE
"826","New Mexico",49.18,1996,FALSE
"827","New York",59.47,1996,FALSE
"828","North Carolina",44.04,1996,TRUE
"829","North Dakota",40.13,1996,FALSE
"830","Ohio",47.38,1996,FALSE
"831","Oklahoma",40.45,1996,FALSE
"832","Oregon",47.15,1996,FALSE
"833","Pennsylvania",49.17,1996,FALSE
"834","Rhode Island",59.71,1996,FALSE
"835","South Carolina",43.96,1996,TRUE
"836","South Dakota",43.03,1996,FALSE
"837","Tennessee",48,1996,TRUE
"838","Texas",43.83,1996,TRUE
"839","Utah",33.3,1996,FALSE
"840","Vermont",53.35,1996,FALSE
"841","Virginia",45.15,1996,TRUE
"842","Washington",49.84,1996,FALSE
"843","West Virginia",51.51,1996,FALSE
"844","Wisconsin",48.81,1996,FALSE
"845","Wyoming",36.84,1996,FALSE
"846","Alabama",41.59,2000,TRUE
"847","Alaska",27.67,2000,FALSE
"848","Arizona",44.67,2000,FALSE
"849","Arkansas",45.86,2000,TRUE
"850","California",53.45,2000,FALSE
"851","Colorado",42.39,2000,FALSE
"852","Connecticut",55.91,2000,FALSE
"853","Delaware",54.96,2000,FALSE
"854","DC",85.16,2000,FALSE
"855","Florida",48.84,2000,TRUE
"856","Georgia",42.98,2000,TRUE
"857","Hawaii",55.79,2000,FALSE
"858","Idaho",27.64,2000,FALSE
"859","Illinois",54.6,2000,FALSE
"860","Indiana",41.01,2000,FALSE
"861","Iowa",48.54,2000,FALSE
"862","Kansas",37.24,2000,FALSE
"863","Kentucky",41.37,2000,FALSE
"864","Louisiana",44.88,2000,TRUE
"865","Maine",49.09,2000,FALSE
"866","Maryland",56.57,2000,FALSE
"867","Massachusetts",59.8,2000,FALSE
"868","Michigan",51.28,2000,FALSE
"869","Minnesota",47.91,2000,FALSE
"870","Mississippi",40.7,2000,TRUE
"871","Missouri",47.08,2000,FALSE
"872","Montana",33.36,2000,FALSE
"873","Nebraska",33.25,2000,FALSE
"874","Nevada",45.98,2000,FALSE
"875","New Hampshire",46.8,2000,FALSE
"876","New Jersey",56.13,2000,FALSE
"877","New Mexico",47.91,2000,FALSE
"878","New York",60.21,2000,FALSE
"879","North Carolina",43.2,2000,TRUE
"880","North Dakota",33.05,2000,FALSE
"881","Ohio",46.46,2000,FALSE
"882","Oklahoma",38.43,2000,FALSE
"883","Oregon",46.96,2000,FALSE
"884","Pennsylvania",50.6,2000,FALSE
"885","Rhode Island",60.99,2000,FALSE
"886","South Carolina",40.91,2000,TRUE
"887","South Dakota",37.56,2000,FALSE
"888","Tennessee",47.28,2000,TRUE
"889","Texas",37.98,2000,TRUE
"890","Utah",26.34,2000,FALSE
"891","Vermont",50.63,2000,FALSE
"892","Virginia",44.44,2000,TRUE
"893","Washington",50.13,2000,FALSE
"894","West Virginia",45.59,2000,FALSE
"895","Wisconsin",47.83,2000,FALSE
"896","Wyoming",27.7,2000,FALSE
"897","Alabama",36.84,2004,TRUE
"898","Alaska",35.52,2004,FALSE
"899","Arizona",44.4,2004,FALSE
"900","Arkansas",44.55,2004,TRUE
"901","California",54.31,2004,FALSE
"902","Colorado",47.02,2004,FALSE
"903","Connecticut",54.31,2004,FALSE
"904","Delaware",53.35,2004,FALSE
"905","DC",89.18,2004,FALSE
"906","Florida",47.09,2004,TRUE
"907","Georgia",41.37,2004,TRUE
"908","Hawaii",54.01,2004,FALSE
"909","Idaho",30.26,2004,FALSE
"910","Illinois",54.82,2004,FALSE
"911","Indiana",39.26,2004,FALSE
"912","Iowa",49.23,2004,FALSE
"913","Kansas",36.62,2004,FALSE
"914","Kentucky",39.69,2004,FALSE
"915","Louisiana",42.22,2004,TRUE
"916","Maine",53.57,2004,FALSE
"917","Maryland",55.91,2004,FALSE
"918","Massachusetts",61.94,2004,FALSE
"919","Michigan",51.23,2004,FALSE
"920","Minnesota",51.09,2004,FALSE
"921","Mississippi",39.75,2004,TRUE
"922","Missouri",46.1,2004,FALSE
"923","Montana",38.56,2004,FALSE
"924","Nebraska",32.68,2004,FALSE
"925","Nevada",47.88,2004,FALSE
"926","New Hampshire",50.24,2004,FALSE
"927","New Jersey",52.92,2004,FALSE
"928","New Mexico",49.05,2004,FALSE
"929","New York",58.37,2004,FALSE
"930","North Carolina",43.58,2004,TRUE
"931","North Dakota",35.5,2004,FALSE
"932","Ohio",48.71,2004,FALSE
"933","Oklahoma",34.43,2004,FALSE
"934","Oregon",51.35,2004,FALSE
"935","Pennsylvania",50.92,2004,FALSE
"936","Rhode Island",59.42,2004,FALSE
"937","South Carolina",40.9,2004,TRUE
"938","South Dakota",38.44,2004,FALSE
"939","Tennessee",42.53,2004,TRUE
"940","Texas",38.22,2004,TRUE
"941","Utah",26,2004,FALSE
"942","Vermont",58.94,2004,FALSE
"943","Virginia",45.48,2004,TRUE
"944","Washington",52.82,2004,FALSE
"945","West Virginia",43.2,2004,FALSE
"946","Wisconsin",49.7,2004,FALSE
"947","Wyoming",29.07,2004,FALSE
"9461","Alabama",38.74,2008,TRUE
"9471","Alaska",37.89,2008,FALSE
"948","Arizona",44.91,2008,FALSE
"949","Arkansas",38.86,2008,TRUE
"950","California",60.94,2008,FALSE
"951","Colorado",53.66,2008,FALSE
"952","Connecticut",60.59,2008,FALSE
"953","Delaware",61.91,2008,FALSE
"954","DC",92.46,2008,FALSE
"955","Florida",50.91,2008,TRUE
"956","Georgia",46.9,2008,TRUE
"957","Hawaii",71.85,2008,FALSE
"958","Idaho",35.91,2008,FALSE
"959","Illinois",61.85,2008,FALSE
"960","Indiana",49.86,2008,FALSE
"961","Iowa",53.93,2008,FALSE
"962","Kansas",41.57,2008,FALSE
"963","Kentucky",41.15,2008,FALSE
"964","Louisiana",39.93,2008,TRUE
"965","Maine",57.71,2008,FALSE
"966","Maryland",61.92,2008,FALSE
"967","Massachusetts",61.8,2008,FALSE
"968","Michigan",57.33,2008,FALSE
"969","Minnesota",54.06,2008,FALSE
"970","Mississippi",43,2008,TRUE
"971","Missouri",49.23,2008,FALSE
"972","Montana",47.11,2008,FALSE
"973","Nebraska",41.6,2008,FALSE
"974","Nevada",55.15,2008,FALSE
"975","New Hampshire",54.13,2008,FALSE
"976","New Jersey",57.14,2008,FALSE
"977","New Mexico",56.91,2008,FALSE
"978","New York",62.88,2008,FALSE
"979","North Carolina",49.7,2008,TRUE
"980","North Dakota",44.5,2008,FALSE
"981","Ohio",51.38,2008,FALSE
"982","Oklahoma",34.35,2008,FALSE
"983","Oregon",56.75,2008,FALSE
"984","Pennsylvania",54.47,2008,FALSE
"985","Rhode Island",62.86,2008,FALSE
"986","South Carolina",44.9,2008,TRUE
"987","South Dakota",44.75,2008,FALSE
"988","Tennessee",41.79,2008,TRUE
"989","Texas",43.63,2008,TRUE
"990","Utah",34.22,2008,FALSE
"991","Vermont",67.46,2008,FALSE
"992","Virginia",52.63,2008,TRUE
"993","Washington",57.34,2008,FALSE
"994","West Virginia",42.51,2008,FALSE
"995","Wisconsin",56.22,2008,FALSE
"996","Wyoming",32.54,2008,FALSE
"997","Alaska",40.81,2012,FALSE
"998","Arizona",44.45,2012,FALSE
"999","Arkansas",36.88,2012,TRUE
"1000","California",60.19,2012,FALSE
"1001","Colorado",51.45,2012,FALSE
"1002","Connecticut",58.06,2012,FALSE
"1003","Delaware",58.61,2012,FALSE
"1004","DC",90.91,2012,FALSE
"1005","Florida",49.91,2012,TRUE
"1006","Georgia",45.43,2012,TRUE
"1007","Hawaii",70.55,2012,FALSE
"1008","Idaho",32.4,2012,FALSE
"1009","Illinois",57.55,2012,FALSE
"1010","Indiana",43.85,2012,FALSE
"1011","Iowa",51.99,2012,FALSE
"1012","Kansas",37.99,2012,FALSE
"1013","Kentucky",37.8,2012,FALSE
"1014","Louisiana",40.58,2012,TRUE
"1015","Maine",56.27,2012,FALSE
"1016","Maryland",61.97,2012,FALSE
"1017","Massachusetts",60.65,2012,FALSE
"1018","Michigan",54.09,2012,FALSE
"1019","Minnesota",52.65,2012,FALSE
"1020","Mississippi",43.79,2012,TRUE
"1021","Missouri",44.38,2012,FALSE
"1022","Montana",41.66,2012,FALSE
"1023","Nebraska",38.03,2012,FALSE
"1024","Nevada",52.36,2012,FALSE
"1025","New Hampshire",51.98,2012,FALSE
"1026","New Jersey",58.25,2012,FALSE
"1027","New Mexico",52.99,2012,FALSE
"1028","New York",63.33,2012,FALSE
"1029","North Carolina",48.35,2012,TRUE
"1030","North Dakota",38.7,2012,FALSE
"1031","Ohio",50.58,2012,FALSE
"1032","Oklahoma",33.23,2012,FALSE
"1033","Oregon",54.24,2012,FALSE
"1034","Pennsylvania",51.96,2012,FALSE
"1035","Rhode Island",62.7,2012,FALSE
"1036","South Carolina",44.09,2012,TRUE
"1037","South Dakota",39.87,2012,FALSE
"1038","Tennessee",39.04,2012,TRUE
"1039","Texas",41.37,2012,TRUE
"1040","Utah",24.67,2012,FALSE
"1041","Vermont",66.57,2012,FALSE
"1042","Virginia",51.16,2012,TRUE
"1043","Washington",55.81,2012,FALSE
"1044","West Virginia",35.53,2012,FALSE
"1045","Wisconsin",52.83,2012,FALSE
"1046","Wyoming",27.82,2012,FALSE
"1047","Total",51.02,2012,FALSE
